Year,Month,Weekday,ED Enc,ED Enc Admitted
2020,10.466666666666667,4,402,110
2020,9.933333333333334,2,436,120
2024,6.6,3,472,127
2019,8.566666666666666,7,458,106
2022,5.433333333333334,6,473,133
2019,1.3,4,427,121
2022,11.2,1,483,142
2021,6.833333333333333,6,453,111
2021,7.433333333333334,3,446,114
2019,12.3,2,430,107
2019,11.566666666666666,1,456,117
2023,8.5,3,478,131
2020,8.1,2,471,146
2022,1.8,2,399,92
2022,3.966666666666667,3,421,120
2024,2.4333333333333336,3,433,116
2023,6.266666666666667,5,448,108
2018,7.8,3,436,111
2024,11.366666666666667,2,497,146
2022,12.833333333333334,1,470,133
2023,1.3666666666666667,4,466,130
2023,8.6,6,507,131
2024,11.933333333333334,5,475,143
2018,9.2,5,473,125
2023,10.866666666666667,5,447,137
2023,4.2,5,446,122
2021,11.566666666666666,4,425,126
2019,1.0,2,444,100
2021,7.033333333333333,5,445,106
2023,5.733333333333333,2,448,118
2023,3.8666666666666667,1,530,159
2020,11.666666666666666,6,362,95
2018,2.3,6,444,117
2018,2.8666666666666667,2,409,99
2021,2.9,7,402,114
2025,3.8,2,499,151
2022,6.466666666666667,3,484,142
2023,6.366666666666666,1,527,172
2024,11.1,1,518,146
2020,7.5,4,422,122
2022,12.133333333333333,1,540,154
2021,9.033333333333333,4,417,128
2020,2.6,3,404,99
2023,5.966666666666667,2,518,161
2019,2.4,3,435,111
2022,8.966666666666667,2,476,124
2021,4.133333333333334,1,486,135
2024,10.433333333333334,1,490,134
2024,9.0,6,483,132
2023,3.6333333333333333,1,519,151
2020,12.366666666666667,6,328,88
2021,7.566666666666666,7,522,115
2022,9.1,7,493,99
2018,3.1666666666666665,2,428,116
2018,5.333333333333333,5,431,125
2019,6.7,6,420,103
2024,4.533333333333333,3,476,126
2024,4.633333333333333,6,449,124
2021,4.833333333333333,1,475,142
2025,6.066666666666666,2,491,143
2021,11.866666666666667,6,454,103
2022,1.0,6,465,115
2023,3.5,4,447,154
2023,12.433333333333334,4,494,141
2021,6.8,5,462,131
2022,11.033333333333333,3,520,136
2018,6.2,4,395,100
2021,9.966666666666667,4,504,122
2023,4.4,4,493,139
2024,12.666666666666666,6,491,126
2019,8.2,3,441,132
2018,2.5666666666666664,7,469,94
2019,6.533333333333333,1,505,129
2023,8.666666666666666,1,519,128
2022,4.9,4,408,115
2023,10.333333333333334,3,497,148
2024,10.966666666666667,3,463,139
2019,3.9333333333333336,5,399,103
2025,1.6333333333333333,1,478,147
2021,8.633333333333333,5,490,130
2022,12.0,4,491,109
2024,7.866666666666667,6,471,137
2020,11.7,7,412,99
2019,2.0,4,420,124
2021,12.5,4,468,133
2018,10.033333333333333,2,427,114
2020,8.233333333333333,6,433,98
2024,7.9,7,514,118
2024,9.8,3,489,133
2022,10.233333333333333,6,481,111
2019,1.4333333333333333,1,472,134
2018,12.533333333333333,1,463,104
2021,7.633333333333333,2,492,140
2020,6.666666666666667,7,434,96
2021,1.6666666666666665,4,400,117
2021,4.633333333333333,2,449,134
2018,4.633333333333333,5,450,121
2023,2.4,1,503,128
2020,7.3,5,421,119
2019,2.466666666666667,5,451,133
2019,7.166666666666667,6,488,117
2022,2.066666666666667,4,410,120
2021,7.933333333333334,4,463,113
2019,8.1,7,494,115
2022,11.233333333333333,2,468,138
2019,4.766666666666667,3,418,126
2023,1.3,2,437,121
2024,10.7,2,471,152
2018,12.333333333333334,2,446,118
2021,3.2,7,418,105
2025,6.333333333333333,3,496,153
2018,12.7,6,469,122
2022,9.6,1,528,138
2022,7.6,2,477,120
2024,5.033333333333333,4,490,131
2022,7.433333333333334,4,494,146
2025,8.933333333333334,5,548,168
2020,4.5,4,280,82
2023,8.266666666666667,3,472,147
2018,8.733333333333333,4,456,122
2020,12.633333333333333,7,382,98
2025,5.066666666666666,6,469,116
2024,4.133333333333334,5,467,134
2024,8.3,6,472,107
2021,2.7,1,460,123
2021,2.3666666666666667,5,396,128
2022,6.266666666666667,4,445,127
2020,2.066666666666667,1,468,114
2021,10.066666666666666,7,509,126
2018,7.366666666666666,4,447,105
2025,4.8,5,495,151
2024,4.733333333333333,2,475,138
2019,5.033333333333333,4,448,125
2025,1.8666666666666667,1,525,138
2018,10.7,1,490,131
2023,7.566666666666666,2,499,143
2018,9.1,2,435,121
2022,7.0,5,466,129
2024,3.3,7,481,141
2024,7.466666666666667,1,558,153
2018,1.5,2,402,112
2018,10.233333333333333,1,448,129
2021,9.333333333333334,6,496,125
2020,6.4,6,369,112
2025,5.0,4,452,124
2024,5.233333333333333,3,471,139
2020,9.066666666666666,4,409,107
2020,1.7666666666666666,5,494,106
2019,6.266666666666667,7,454,104
2019,4.033333333333333,2,395,100
2020,9.433333333333334,1,446,125
2019,6.333333333333333,2,439,133
2020,7.866666666666667,1,453,118
2025,1.4666666666666668,3,504,160
2024,11.833333333333334,2,454,124
2021,11.2,7,467,119
2019,5.533333333333333,5,413,121
2021,10.866666666666667,3,478,133
2018,6.0,4,416,122
2018,4.733333333333333,1,447,126
2019,1.6,6,431,99
2024,11.0,5,483,153
2018,7.466666666666667,7,493,117
2023,10.9,6,383,108
2021,5.666666666666667,5,466,136
2018,2.466666666666667,4,438,103
2019,9.233333333333333,7,456,100
2023,1.1666666666666667,5,454,137
2018,1.5333333333333332,3,415,124
2024,6.433333333333334,5,461,132
2021,9.2,2,508,131
2024,8.733333333333333,5,506,158
2020,6.533333333333333,3,415,116
2019,3.3,7,421,119
2018,10.3,3,412,118
2020,2.2666666666666666,7,448,102
2019,4.3,3,406,97
2019,7.8,4,430,128
2021,1.0666666666666667,7,374,102
2022,4.333333333333333,1,496,150
2025,4.833333333333333,6,481,108
2023,1.1,3,445,123
2024,4.066666666666666,3,502,132
2018,8.233333333333333,3,480,129
2019,12.0,7,445,108
2025,2.0,5,499,165
2023,2.1,6,439,109
2024,10.266666666666667,3,500,126
2018,3.8666666666666667,2,430,109
2020,8.266666666666667,7,448,105
2019,7.566666666666666,4,494,145
2021,5.433333333333334,5,465,125
2022,12.666666666666666,3,394,116
2019,6.133333333333334,3,467,119
2024,7.4,6,467,127
2024,5.1,6,480,119
2023,2.2333333333333334,3,474,124
2021,6.866666666666667,7,501,113
2018,10.433333333333334,7,436,108
2021,7.7,4,445,103
2019,8.433333333333334,3,457,123
2021,9.366666666666667,7,492,109
2022,5.066666666666666,2,469,134
2020,4.433333333333334,2,292,88
2024,7.3,3,524,147
2019,10.433333333333334,1,460,114
2019,3.6666666666666665,4,434,101
2018,6.966666666666667,6,454,113
2020,1.4666666666666668,3,414,105
2020,11.233333333333333,7,478,126
2023,1.4333333333333333,6,427,109
2021,8.566666666666666,3,518,114
2025,2.7333333333333334,7,473,129
2020,4.666666666666667,2,317,99
2018,12.433333333333334,5,429,118
2024,4.0,7,444,117
2025,6.033333333333333,1,528,160
2024,7.433333333333334,7,536,149
2023,9.533333333333333,7,476,119
2024,2.3,6,453,103
2020,7.366666666666666,7,474,126
2020,11.4,5,429,102
2019,11.933333333333334,5,429,130
2021,3.4,6,393,102
2018,12.666666666666666,5,465,112
2018,5.233333333333333,2,455,117
2025,2.8333333333333335,3,526,137
2023,10.566666666666666,3,469,137
2018,6.866666666666667,3,470,119
2021,3.3333333333333335,4,410,132
2022,5.633333333333333,5,449,116
2023,5.5,2,497,141
2025,3.966666666666667,7,488,134
2024,5.066666666666666,5,491,130
2018,12.033333333333333,7,456,111
2020,5.9,4,403,128
2021,1.0,5,403,113
2025,4.033333333333333,3,439,138
2020,2.7333333333333334,7,535,132
2020,3.8666666666666667,5,290,73
2019,3.3666666666666667,2,471,129
2020,8.466666666666667,6,464,127
2023,9.366666666666667,2,500,139
2022,7.2,4,525,120
2021,6.466666666666667,2,454,133
2019,7.266666666666667,2,485,117
2024,10.5,3,513,135
2022,3.6333333333333333,7,477,114
2020,5.8,1,380,105
2024,3.9,4,455,126
2021,4.433333333333334,3,448,134
2020,7.1,6,415,89
2023,8.8,5,499,120
2018,6.1,1,456,135
2021,8.7,7,488,109
2022,8.6,5,504,129
2018,2.3333333333333335,7,470,99
2025,5.6,1,476,151
2025,7.5,3,454,129
2020,6.166666666666667,6,419,116
2020,7.4,1,453,129
2018,5.766666666666667,4,424,117
2020,5.6,2,379,122
2023,11.066666666666666,5,467,121
2019,12.1,3,408,121
2024,7.633333333333333,6,482,127
2024,5.633333333333333,1,535,156
2022,10.366666666666667,3,471,125
2024,9.2,6,478,129
2023,6.533333333333333,6,451,117
2018,11.133333333333333,1,404,132
2023,1.7666666666666666,2,387,113
2018,10.4,6,393,82
2022,9.533333333333333,6,517,124
2025,4.933333333333334,2,499,129
2022,12.166666666666666,2,479,108
2019,4.1,4,399,107
2020,9.233333333333333,2,409,111
2021,4.566666666666666,7,471,121
2021,12.266666666666667,4,455,137
2022,10.3,1,497,132
2019,3.966666666666667,6,427,113
2025,8.966666666666667,6,518,129
2020,5.4,3,334,95
2018,5.7,2,429,126
2021,12.033333333333333,4,453,120
2019,1.4666666666666668,2,436,132
2025,8.766666666666666,7,471,107
2019,10.366666666666667,6,407,93
2021,7.9,3,473,119
2024,11.566666666666666,1,541,170
2021,4.066666666666666,6,415,84
2021,8.233333333333333,7,494,136
2018,8.9,2,455,140
2018,1.0333333333333334,2,436,120
2021,11.0,7,466,125
2019,12.4,5,424,134
2025,7.433333333333334,1,546,153
2024,2.066666666666667,6,501,123
2019,1.9666666666666668,3,355,87
2020,5.966666666666667,6,384,116
2019,3.033333333333333,6,448,110
2024,12.866666666666667,5,559,151
2022,10.733333333333333,7,501,134
2019,9.4,5,428,120
2022,6.433333333333334,2,485,137
2021,3.6,5,397,135
2022,4.7,5,441,132
2019,11.6,2,435,104
2018,10.066666666666666,3,423,114
2018,4.566666666666666,3,394,102
2018,4.833333333333333,4,408,97
2018,9.533333333333333,1,467,104
2025,4.533333333333333,4,467,136
2021,10.5,6,460,127
2019,4.7,1,446,119
2021,11.933333333333334,1,510,145
2024,1.4666666666666668,1,439,148
2022,3.8666666666666667,7,432,113
2020,8.433333333333334,5,398,106
2022,11.566666666666666,5,452,135
2022,10.833333333333334,3,446,121
2023,5.233333333333333,1,468,150
2025,1.8333333333333335,7,500,122
2024,12.933333333333334,7,533,138
2021,10.666666666666666,4,417,111
2022,8.266666666666667,2,443,122
2018,6.4,3,512,122
2019,1.8,5,428,111
2025,2.3,1,515,131
2018,1.9333333333333333,1,425,113
2023,3.7666666666666666,5,459,143
2024,10.733333333333333,3,467,152
2019,8.466666666666667,4,402,118
2024,11.033333333333333,6,443,107
2018,8.933333333333334,3,424,101
2025,7.866666666666667,7,477,124
2021,1.8666666666666667,3,350,98
2019,12.233333333333333,7,467,112
2025,4.9,1,495,144
2018,9.5,7,495,110
2023,10.833333333333334,4,445,149
2021,9.133333333333333,7,486,121
2022,10.566666666666666,2,498,134
2023,6.8,7,471,124
2024,4.566666666666666,4,472,137
2025,8.866666666666667,3,472,124
2019,8.066666666666666,6,459,103
2022,8.4,6,491,119
2023,6.966666666666667,5,471,126
2020,12.666666666666666,1,384,117
2020,5.433333333333334,4,376,126
2021,1.6,2,349,105
2024,6.2,5,487,159
2018,4.0,7,404,102
2018,6.033333333333333,6,442,104
2020,1.9666666666666668,4,437,130
2021,3.533333333333333,3,382,91
2022,4.4,3,387,109
2025,8.166666666666666,3,471,154
2022,9.2,3,513,139
2023,10.633333333333333,5,468,133
2020,6.733333333333333,2,438,115
2020,2.6333333333333333,4,468,122
2018,1.8,4,404,94
2018,3.6666666666666665,3,427,126
2022,1.6666666666666665,5,452,125
2023,8.533333333333333,4,491,155
2024,8.9,3,515,152
2018,11.0,4,404,102
2020,11.8,3,367,114
2020,6.1,4,388,108
2020,10.533333333333333,6,423,114
2021,3.6666666666666665,7,414,103
2022,2.5666666666666664,5,424,120
2020,7.133333333333334,7,409,96
2025,8.0,5,512,142
2023,3.8333333333333335,7,483,131
2023,3.033333333333333,4,456,132
2025,7.233333333333333,2,488,129
2024,1.7666666666666666,3,476,133
2019,5.633333333333333,1,435,131
2018,1.4333333333333333,7,430,89
2018,1.3666666666666667,5,388,117
2025,5.666666666666667,3,454,140
2019,12.733333333333333,1,529,138
2018,12.3,1,454,114
2021,2.0,1,422,131
2019,2.066666666666667,7,447,114
2019,2.1333333333333333,2,448,122
2020,3.4333333333333336,6,379,98
2024,3.7333333333333334,6,445,115
2021,11.3,3,412,111
2022,6.533333333333333,5,430,121
2024,8.566666666666666,7,471,115
2025,8.466666666666667,5,519,150
2020,2.9333333333333336,6,444,103
2022,11.0,1,491,124
2019,9.366666666666667,4,432,125
2020,6.633333333333333,6,418,98
2020,3.8,3,304,78
2020,5.133333333333334,2,311,93
2021,4.2,3,474,155
2024,10.666666666666666,1,548,129
2020,3.7333333333333334,1,337,96
2019,12.033333333333333,1,487,128
2024,6.266666666666667,7,461,115
2019,4.366666666666666,5,366,99
2021,6.266666666666667,3,440,132
2020,11.433333333333334,6,422,118
2021,11.1,4,467,116
2022,4.233333333333333,5,419,123
2025,5.366666666666666,1,540,167
2019,10.866666666666667,7,424,89
2022,1.6,3,434,124
2024,8.866666666666667,2,478,134
2018,4.066666666666666,2,429,131
2019,11.133333333333333,2,386,103
2024,1.8333333333333335,5,470,129
2023,8.3,4,472,143
2022,11.666666666666666,1,522,111
2021,12.133333333333333,7,462,109
2023,7.9,5,468,140
2021,12.2,2,462,123
2023,9.966666666666667,6,475,119
2020,7.266666666666667,4,398,107
2019,6.0,6,461,99
2019,5.6,7,461,111
2022,3.033333333333333,3,401,105
2023,9.1,1,542,142
2019,10.7,2,446,103
2019,4.133333333333334,5,426,122
2021,10.733333333333333,6,440,128
2024,5.2,2,438,135
2025,6.666666666666667,6,486,134
2020,2.5,7,496,114
2020,1.8,6,450,102
2020,5.3,7,329,93
2021,4.533333333333333,6,452,120
2023,12.966666666666667,6,513,127
2018,3.966666666666667,5,412,120
2020,10.5,5,430,124
2021,2.2333333333333334,1,400,119
2020,7.9,2,431,129
2021,6.566666666666666,5,406,109
2019,2.1,1,430,121
2022,4.033333333333333,6,453,113
2025,8.333333333333334,1,527,150
2024,11.5,6,438,119
2023,11.5,4,478,136
2022,4.1,1,492,138
2023,8.0,1,502,133
2022,6.0,2,497,127
2022,5.0,7,458,104
2021,1.4666666666666668,5,347,103
2024,5.333333333333333,6,494,120
2024,11.866666666666667,3,418,134
2018,7.4,5,437,107
2024,11.7,5,444,142
2019,11.9,4,412,104
2024,4.166666666666667,6,461,123
2019,5.4,1,480,147
2021,10.366666666666667,2,463,113
2020,2.0,6,485,91
2018,6.733333333333333,6,442,89
2024,8.833333333333334,1,515,129
2021,3.2666666666666666,2,375,109
2018,1.8333333333333335,5,461,119
2023,8.633333333333333,7,513,125
2024,7.733333333333333,2,490,134
2021,2.4333333333333336,7,337,93
2024,11.733333333333333,6,451,129
2023,5.0,1,490,129
2025,3.4,4,462,147
2021,12.833333333333334,7,478,120
2019,11.266666666666667,6,466,111
2023,11.8,6,448,123
2022,2.1666666666666665,7,449,116
2019,5.066666666666666,5,427,117
2021,10.833333333333334,2,474,110
2022,11.266666666666667,3,435,141
2021,11.0,1,491,121
2018,4.766666666666667,2,436,99
2020,4.1,6,294,78
2022,9.233333333333333,4,480,128
2024,3.466666666666667,5,456,133
2020,5.033333333333333,6,333,96
2021,2.1666666666666665,6,390,85
2022,11.1,5,471,138
2023,6.566666666666666,7,478,148
2018,3.9333333333333336,4,383,114
2018,2.9,3,411,117
2022,9.266666666666667,5,467,124
2022,9.933333333333334,4,492,152
2025,8.6,2,470,131
2025,7.733333333333333,3,506,149
2020,6.433333333333334,7,402,99
2018,10.566666666666666,4,398,106
2024,1.5666666666666667,4,406,112
2021,11.533333333333333,3,478,128
2023,11.666666666666666,2,445,119
2024,4.8,4,478,159
2023,7.966666666666667,7,524,148
2025,7.033333333333333,3,479,124
2019,3.5,6,459,120
2019,7.433333333333334,7,507,134
2023,8.733333333333333,3,501,143
2024,1.5333333333333332,3,449,129
2019,11.666666666666666,4,428,110
2020,12.1,5,423,120
2020,4.766666666666667,5,316,105
2019,10.2,1,520,154
2023,7.0,6,478,132
2025,2.066666666666667,1,497,161
2024,7.2,7,515,149
2021,12.633333333333333,1,457,127
2022,7.133333333333334,2,526,151
2021,8.1,3,478,127
2024,6.633333333333333,4,464,157
2023,10.0,7,502,122
2019,7.6,5,453,104
2025,5.933333333333334,4,454,125
2020,11.833333333333334,4,346,91
2021,9.7,3,475,148
2021,12.8,6,479,104
2023,9.066666666666666,7,528,143
2023,10.3,2,442,132
2020,4.233333333333333,3,314,87
2020,12.533333333333333,4,365,110
2025,6.833333333333333,4,467,133
2023,5.3,3,492,125
2023,1.7333333333333334,1,482,128
2018,8.066666666666666,5,465,106
2020,12.833333333333334,6,420,122
2020,3.3,2,485,145
2023,1.6333333333333333,5,451,103
2021,11.433333333333334,7,469,115
2020,11.733333333333333,1,423,109
2022,1.1,2,498,110
2025,4.633333333333333,7,471,120
2018,3.6333333333333333,2,425,114
2024,5.833333333333333,7,478,115
2022,8.666666666666666,7,482,109
2021,9.733333333333333,4,491,118
2020,9.733333333333333,3,449,125
2018,2.2,3,441,107
2023,3.6,7,455,110
2023,3.533333333333333,5,413,122
2025,4.333333333333333,5,489,157
2022,1.7333333333333334,7,435,105
2022,6.166666666666667,1,501,127
2020,12.733333333333333,3,302,103
2023,1.6,4,395,109
2018,11.6,1,436,124
2020,7.233333333333333,3,424,113
2018,10.533333333333333,3,437,114
2018,5.5,3,434,114
2020,6.233333333333333,1,432,131
2021,5.9,5,431,122
2018,5.633333333333333,7,450,111
2025,5.166666666666667,2,508,140
2023,2.033333333333333,4,397,104
2021,11.966666666666667,2,494,121
2024,12.533333333333333,2,498,132
2023,4.8,2,476,142
2020,9.2,1,452,109
2020,10.733333333333333,5,410,111
2022,12.433333333333334,3,446,122
2022,10.433333333333334,5,475,121
2018,11.566666666666666,7,433,97
2022,6.066666666666666,5,447,124
2023,11.4,1,535,150
2019,5.833333333333333,7,489,112
2024,8.666666666666666,3,486,140
2018,4.0,6,398,87
2018,5.9,1,569,107
2019,1.9333333333333333,2,355,96
2020,1.1666666666666667,1,535,140
2023,2.6,7,463,113
2024,9.1,3,465,129
2020,13.0,4,359,98
2019,10.466666666666667,2,428,122
2025,1.5666666666666667,6,479,120
2025,7.533333333333333,4,454,135
2022,12.866666666666667,2,491,141
2025,7.8,5,518,153
2024,8.633333333333333,2,468,124
2024,2.7333333333333334,5,493,134
2023,1.2666666666666666,1,486,151
2024,8.033333333333333,5,491,133
2025,4.266666666666667,3,514,155
2018,5.3,4,373,109
2018,10.666666666666666,7,427,94
2019,10.266666666666667,3,456,126
2019,6.466666666666667,6,426,87
2023,12.466666666666667,5,452,120
2021,8.766666666666666,2,524,131
2025,8.633333333333333,3,461,138
2020,1.4333333333333333,2,426,103
2020,12.0,2,357,89
2021,7.066666666666666,6,488,105
2022,6.133333333333334,7,478,122
2025,1.1333333333333333,7,475,139
2019,5.266666666666667,4,394,104
2021,12.533333333333333,5,410,111
2018,6.5,6,433,112
2020,4.3,5,298,101
2025,3.033333333333333,7,483,131
2019,5.866666666666667,1,541,125
2020,4.0,2,288,88
2019,3.066666666666667,7,428,101
2024,9.266666666666667,1,511,154
2019,5.5,4,448,121
2021,4.7,4,476,139
2024,2.2666666666666666,5,464,140
2024,6.366666666666666,3,475,152
2020,7.733333333333333,4,406,119
2018,7.1,3,421,97
2022,1.7666666666666666,1,435,124
2018,3.1333333333333333,1,406,105
2023,5.933333333333334,1,529,130
2020,6.033333333333333,2,416,122
2022,5.766666666666667,2,465,114
2022,6.6,7,472,128
2022,9.966666666666667,5,450,105
2020,3.7666666666666666,2,319,78
2023,3.1666666666666665,1,480,124
2020,10.266666666666667,5,416,111
2019,7.733333333333333,2,434,112
2019,2.2666666666666666,6,438,110
2024,6.533333333333333,1,529,137
2023,5.6,5,461,131
2018,12.366666666666667,3,411,107
2019,10.166666666666666,7,478,109
2020,12.933333333333334,2,339,97
2019,11.533333333333333,7,459,118
2020,9.1,5,428,133
2019,1.6666666666666665,1,417,113
2018,2.7,4,389,104
2018,5.533333333333333,4,408,130
2022,5.6,4,468,128
2021,12.3,5,447,110
2020,3.6333333333333333,5,357,79
2018,5.166666666666667,7,503,119
2018,2.533333333333333,6,505,119
2021,12.433333333333334,2,486,113
2025,4.7,2,446,131
2024,8.233333333333333,4,411,102
2018,8.4,1,487,131
2018,11.4,2,378,104
2019,8.233333333333333,4,454,124
2023,7.066666666666666,1,473,137
2024,12.4,5,514,153
2021,12.166666666666666,1,475,132
2020,5.233333333333333,5,318,95
2024,9.0,7,506,144
2025,3.466666666666667,6,430,109
2021,4.1,7,446,124
2020,12.233333333333333,2,405,128
2023,7.366666666666666,3,461,138
2018,6.7,5,448,126
2019,11.1,1,412,100
2019,9.466666666666667,7,518,121
2020,2.4333333333333336,5,428,116
2024,10.566666666666666,5,443,152
2019,10.666666666666666,1,511,149
2022,12.933333333333334,4,470,142
2021,12.066666666666666,5,490,130
2018,7.233333333333333,7,477,104
2024,4.0,1,519,158
2023,8.4,7,491,115
2020,10.4,2,459,116
2021,1.8,1,380,115
2020,5.633333333333333,3,343,117
2024,11.466666666666667,5,505,140
2022,6.1,6,476,113
2018,11.9,3,431,111
2020,7.633333333333333,1,439,119
2025,7.2,1,521,148
2022,8.866666666666667,6,494,119
2019,8.366666666666667,1,451,119
2025,6.0,6,475,124
2023,3.7,3,468,120
2025,1.9333333333333333,3,512,140
2019,4.466666666666667,1,482,140
2022,5.1,3,463,120
2022,3.466666666666667,2,432,113
2022,7.9,4,422,120
2024,9.933333333333334,7,489,142
2021,11.466666666666667,1,496,133
2023,11.9,2,484,140
2025,7.1,5,439,116
2023,2.1333333333333333,7,466,106
2025,5.7,4,484,121
2025,7.066666666666666,4,510,132
2022,8.166666666666666,6,434,100
2018,1.2333333333333334,1,427,125
2020,9.3,4,398,116
2020,8.4,4,385,80
2024,2.0,4,507,136
2021,8.4,5,453,112
2025,8.233333333333333,5,489,143
2025,8.5,6,441,110
2024,12.233333333333333,7,477,128
2023,8.866666666666667,7,488,133
2021,2.066666666666667,3,377,102
2021,6.133333333333334,6,551,117
2022,9.733333333333333,5,453,122
2019,7.866666666666667,6,484,123
2024,11.633333333333333,3,446,150
2018,11.1,7,490,108
2021,12.9,2,471,127
2023,12.666666666666666,4,490,136
2019,7.366666666666666,5,470,131
2024,8.2,3,483,142
2020,9.133333333333333,6,400,104
2025,7.333333333333333,5,529,150
2019,10.333333333333334,5,389,109
2018,7.0,7,484,126
2019,10.833333333333334,6,455,112
2019,12.166666666666666,5,460,131
2019,12.333333333333334,3,431,121
2019,11.633333333333333,3,405,125
2019,3.7,5,433,117
2020,1.6333333333333333,1,468,142
2024,8.766666666666666,6,451,108
2022,3.2666666666666666,3,403,116
2021,7.6,1,518,145
2022,1.5666666666666667,2,456,113
2022,6.3,5,456,137
2024,6.0,5,487,149
2020,9.833333333333334,6,441,111
2018,4.366666666666666,4,416,109
2018,3.7666666666666666,6,409,86
2023,3.5666666666666664,6,442,123
2021,3.4333333333333336,7,415,117
2023,7.7,6,425,114
2018,10.966666666666667,2,389,107
2019,12.266666666666667,1,426,112
2023,10.133333333333333,4,435,138
2020,3.466666666666667,7,418,91
2020,1.3,5,426,130
2020,7.033333333333333,4,421,118
2018,12.4,4,393,106
2020,4.733333333333333,4,283,76
2018,11.933333333333334,4,419,100
2023,12.1,1,451,125
2025,6.7,7,536,132
2024,10.6,6,486,134
2022,4.5,6,417,109
2019,10.0,2,407,101
2018,6.233333333333333,5,391,111
2023,6.133333333333334,1,521,137
2020,4.833333333333333,7,314,80
2021,2.5,2,372,119
2023,4.9,5,442,123
2023,2.3666666666666667,7,415,111
2023,5.433333333333334,7,450,125
2021,9.066666666666666,5,496,122
2024,12.366666666666667,4,433,101
2023,11.633333333333333,1,497,135
2024,1.3,3,486,137
2022,10.1,2,489,115
2020,4.633333333333333,1,328,106
2025,7.966666666666667,3,483,135
2025,3.7,6,458,122
2024,6.5,7,492,125
2019,6.0,5,443,116
2020,2.1333333333333333,3,445,116
2019,10.8,5,397,110
2018,11.633333333333333,2,396,111
2019,12.833333333333334,4,495,130
2024,3.7666666666666666,7,445,112
2022,10.166666666666666,4,435,118
2019,6.966666666666667,7,473,114
2020,8.733333333333333,7,432,106
2020,11.0,7,416,112
2021,11.666666666666666,7,422,90
2024,3.4333333333333336,4,496,126
2024,12.266666666666667,1,550,143
2023,4.1,2,378,101
2024,2.6666666666666665,3,496,137
2024,9.833333333333334,4,510,138
2021,8.333333333333334,3,492,133
2022,6.7,3,457,103
2024,12.333333333333334,3,462,145
2020,4.8,6,317,89
2021,6.966666666666667,3,459,122
2024,11.166666666666666,3,470,123
2025,8.533333333333333,7,450,98
2022,3.9,1,475,121
2020,7.966666666666667,4,366,91
2023,4.6,3,470,134
2023,9.833333333333334,2,498,121
2024,12.066666666666666,2,437,138
2024,3.6666666666666665,4,433,136
2019,2.7666666666666666,7,430,107
2024,6.833333333333333,3,470,122
2025,4.866666666666667,7,457,110
2022,10.033333333333333,7,474,100
2025,6.533333333333333,2,513,139
2018,7.433333333333334,6,456,101
2018,2.3666666666666667,1,449,124
2019,4.266666666666667,2,406,113
2024,10.0,2,479,129
2018,10.933333333333334,1,479,132
2022,5.733333333333333,1,487,125
2020,12.166666666666666,7,392,98
2022,3.3333333333333335,5,388,120
2023,2.5,4,465,123
2021,4.466666666666667,4,439,119
2018,2.7666666666666666,6,416,96
2019,9.666666666666666,6,455,102
2019,11.033333333333333,6,471,112
2023,11.233333333333333,3,490,143
2023,1.5333333333333332,2,442,117
2023,3.2333333333333334,3,459,105
2023,8.166666666666666,7,485,140
2018,2.0,4,411,126
2020,5.266666666666667,6,298,68
2022,4.566666666666666,1,469,138
2018,11.366666666666667,1,440,134
2024,2.1666666666666665,2,454,124
2025,2.033333333333333,7,494,125
2020,10.866666666666667,2,381,124
2023,8.2,1,561,156
2024,8.7,4,464,131
2021,5.133333333333334,3,415,117
2020,9.4,7,442,133
2025,1.4,1,498,135
2019,6.233333333333333,6,467,110
2020,6.866666666666667,6,431,117
2024,5.766666666666667,5,486,140
2021,3.1333333333333333,5,416,131
2022,2.4333333333333336,1,452,133
2018,3.033333333333333,5,396,92
2020,5.7,5,394,98
2023,9.7,5,477,144
2023,3.0,3,404,101
2019,4.4,6,438,94
2024,9.366666666666667,4,487,142
2021,2.7666666666666666,3,423,112
2018,2.4,2,435,116
2019,10.5,3,452,120
2023,3.2,2,452,138
2018,8.3,5,406,109
2019,1.5333333333333332,4,434,114
2023,9.233333333333333,5,496,154
2018,11.2,3,398,112
2025,2.3666666666666667,3,485,130
2021,1.1666666666666667,3,361,110
2021,9.266666666666667,4,489,119
2021,3.1666666666666665,6,422,115
2022,12.6,1,458,141
2021,3.5,2,440,124
2022,5.933333333333334,7,503,134
2018,5.433333333333334,1,454,115
2018,1.1666666666666667,6,446,110
2018,3.533333333333333,6,455,97
2020,3.1,3,443,128
2021,4.9,3,455,126
2023,2.8,6,406,93
2019,5.433333333333334,2,437,106
2020,10.033333333333333,5,405,112
2023,11.466666666666667,3,474,124
2021,8.733333333333333,1,537,162
2022,2.3,4,444,130
2023,6.9,3,471,126
2023,11.0,2,429,134
2021,2.8333333333333335,5,442,124
2024,6.133333333333334,3,499,154
2022,12.066666666666666,6,473,107
2023,8.333333333333334,5,464,139
2020,12.766666666666666,4,360,109
2021,10.9,4,467,139
2022,11.966666666666667,3,407,120
2020,7.8,6,444,142
2023,4.633333333333333,4,439,131
2021,8.5,1,517,134
2022,6.2,2,452,128
2023,1.4666666666666668,7,449,108
2019,3.8333333333333335,2,428,116
2018,10.8,4,365,103
2019,12.466666666666667,7,446,115
2018,1.5666666666666667,4,493,135
2025,1.2666666666666666,4,483,144
2021,10.466666666666667,5,453,115
2018,12.833333333333334,3,446,135
2020,11.133333333333333,4,448,125
2025,1.3333333333333333,6,479,146
2023,10.2,6,486,120
2018,3.4333333333333336,3,463,118
2023,7.6,3,489,149
2021,1.7,5,359,118
2022,1.8333333333333335,3,435,118
2023,10.5,1,500,150
2018,8.0,2,443,108
2018,6.166666666666667,3,397,106
2024,10.933333333333334,2,496,138
2023,9.433333333333334,4,492,132
2024,2.5666666666666664,7,478,129
2024,8.933333333333334,4,447,144
2022,6.933333333333334,3,449,113
2022,12.4,2,440,106
2024,9.033333333333333,1,492,127
2023,9.5,6,472,130
2023,2.1666666666666665,1,467,131
2022,4.866666666666667,3,435,114
2018,6.533333333333333,7,431,102
2020,4.4,1,268,94
2025,3.4333333333333336,5,529,156
2020,12.2,1,405,106
2025,8.433333333333334,4,505,137
2020,5.766666666666667,7,436,96
2020,3.9,6,316,70
2024,10.8,5,494,148
2023,9.6,2,528,142
2022,4.066666666666666,7,380,91
2018,2.4333333333333336,3,433,127
2019,1.2,1,517,135
2020,10.6,1,408,98
2022,3.7,2,451,117
2024,2.9,3,479,122
2021,8.666666666666666,6,519,115
2025,6.1,3,514,158
2024,5.366666666666666,7,519,135
2019,8.766666666666666,6,452,97
2019,10.9,1,470,114
2025,3.5666666666666664,2,494,131
2018,9.366666666666667,3,471,129
2023,6.233333333333333,4,450,136
2020,2.8666666666666667,4,420,118
2023,2.2,2,496,151
2024,10.166666666666666,7,448,123
2022,11.366666666666667,6,449,132
2022,11.866666666666667,7,523,112
2023,4.7,6,404,102
2020,1.7333333333333334,4,451,116
2023,3.6666666666666665,2,476,133
2022,1.0666666666666667,1,543,134
2024,9.533333333333333,2,523,154
2022,5.566666666666666,3,489,142
2018,6.833333333333333,2,442,116
2020,9.466666666666667,2,392,125
2024,13.0,2,501,152
2022,7.5,6,470,107
2020,8.7,6,477,112
2025,5.766666666666667,6,470,111
2025,3.1333333333333333,3,461,146
2022,1.4333333333333333,5,445,107
2021,8.966666666666667,1,497,147
2024,6.766666666666667,1,517,155
2020,3.1666666666666665,5,429,126
2021,7.133333333333334,1,538,113
2021,5.066666666666666,1,468,125
2019,2.3333333333333335,1,445,112
2019,4.0,1,406,102
2024,12.3,2,498,168
2020,11.033333333333333,1,467,117
2024,2.1333333333333333,1,503,134
2021,5.0,6,436,106
2023,1.3333333333333333,3,440,130
2024,9.733333333333333,1,528,149
2022,4.0,4,429,117
2024,10.633333333333333,7,525,138
2019,5.0,3,419,108
2023,4.466666666666667,6,468,126
2024,6.7,6,476,139
2018,12.566666666666666,2,428,115
2024,9.566666666666666,3,502,150
2023,9.333333333333334,1,488,131
2023,8.066666666666666,4,519,149
2021,11.133333333333333,5,481,131
2018,3.5666666666666664,7,471,81
2018,9.933333333333334,6,412,104
2020,12.4,7,329,103
2023,12.566666666666666,1,485,145
2021,6.666666666666667,1,482,137
2022,3.3,4,414,132
2022,9.633333333333333,2,500,137
2024,9.866666666666667,5,455,138
2018,9.833333333333334,3,434,128
2024,1.1666666666666667,6,446,116
2018,10.833333333333334,5,430,122
2023,6.733333333333333,5,462,134
2023,11.033333333333333,4,475,103
2019,10.3,4,398,95
2020,11.533333333333333,2,395,117
2021,1.1333333333333333,2,413,119
2021,4.233333333333333,4,469,143
2018,9.7,6,460,102
2018,12.233333333333333,6,378,93
2023,12.733333333333333,6,456,112
2023,7.733333333333333,7,503,146
2025,7.4,7,505,130
2022,6.966666666666667,4,459,147
2023,10.933333333333334,7,452,113
2021,8.933333333333334,7,495,130
2021,11.333333333333334,4,439,104
2019,10.766666666666666,4,387,111
2022,2.2333333333333334,2,460,118
2022,8.7,1,554,138
2021,3.7,1,425,111
2019,5.1,6,460,99
2024,6.1,2,476,138
2020,12.5,3,408,134
2024,1.2333333333333334,1,473,141
2022,12.5,5,448,117
2022,2.8,5,440,116
2018,10.5,2,421,110
2025,2.1333333333333333,3,487,147
2023,9.033333333333333,6,492,128
2023,6.466666666666667,4,470,117
2023,5.9,7,544,136
2019,6.4,4,471,129
2018,1.1,4,410,125
2018,11.666666666666666,3,382,97
2019,12.433333333333334,6,428,103
2019,8.8,7,451,109
2021,12.466666666666667,3,490,134
2018,7.766666666666667,2,414,116
2022,3.066666666666667,4,406,108
2023,2.7666666666666666,5,467,140
2023,8.133333333333333,6,468,109
2022,5.133333333333334,4,491,123
2018,5.866666666666667,7,478,107
2018,1.0666666666666667,3,420,124
2018,2.1,7,431,103
2024,9.233333333333333,7,459,109
2018,8.333333333333334,6,463,104
2019,10.933333333333334,2,416,114
2018,5.4,7,448,111
2019,5.466666666666667,3,418,105
2025,6.9,6,503,147
2024,11.0,4,430,121
2018,10.333333333333334,4,422,109
2019,11.866666666666667,3,405,92
2018,8.266666666666667,4,457,118
2018,12.966666666666667,7,453,114
2018,7.9,6,424,101
2018,9.866666666666667,4,407,110
2019,7.966666666666667,2,435,106
2018,7.333333333333333,3,429,117
2022,1.0333333333333334,7,470,114
2021,9.533333333333333,5,439,110
2019,2.9,4,392,114
2021,1.5,6,384,111
2021,5.766666666666667,1,465,120
2024,9.133333333333333,4,497,144
2019,2.533333333333333,7,461,103
2022,2.033333333333333,3,377,102
2024,5.166666666666667,1,521,147
2021,10.933333333333334,5,472,128
2018,5.066666666666666,4,426,121
2019,12.566666666666666,3,432,108
2021,6.9,1,497,138
2019,4.166666666666667,6,473,128
2020,5.566666666666666,1,399,126
2018,12.5,7,462,120
2025,3.2,5,511,136
2023,12.033333333333333,6,491,140
2020,9.033333333333333,3,415,114
2022,1.3666666666666667,3,512,134
2018,1.7,1,462,104
2020,3.2666666666666666,1,497,139
2020,10.933333333333334,4,399,99
2024,6.566666666666666,2,483,133
2020,11.933333333333334,7,399,98
2019,9.566666666666666,3,449,111
2023,7.666666666666667,5,445,122
2018,7.266666666666667,1,500,148
2021,2.6,5,395,110
2019,8.5,5,459,129
2019,1.1333333333333333,6,432,114
2020,8.2,5,452,122
2021,4.8,7,472,121
2022,8.466666666666667,1,495,134
2024,9.766666666666666,2,476,138
2025,6.266666666666667,1,510,137
2019,6.833333333333333,3,481,138
2023,3.7333333333333334,4,486,141
2020,2.8,2,480,127
2023,11.6,7,473,129
2021,11.366666666666667,5,445,123
2019,2.5,6,469,120
2024,9.333333333333334,3,485,150
2025,4.766666666666667,4,478,145
2023,7.133333333333334,3,494,143
2022,8.3,3,432,115
2024,4.233333333333333,1,529,154
2019,7.0,1,466,127
2019,5.3,5,400,114
2025,8.033333333333333,6,485,128
2022,11.766666666666666,4,427,109
2021,5.166666666666667,4,430,116
2018,9.0,6,452,99
2024,11.233333333333333,5,483,133
2025,8.7,5,494,125
2021,4.266666666666667,5,421,122
2021,11.6,5,489,128
2018,5.666666666666667,1,476,125
2024,2.9333333333333336,4,452,133
2020,2.466666666666667,6,469,99
2024,1.6666666666666665,7,460,134
2024,4.866666666666667,6,469,134
2022,5.3,2,451,125
2025,2.1666666666666665,4,436,128
2024,3.3666666666666667,2,496,130
2019,2.8666666666666667,3,392,111
2019,7.5,2,465,102
2023,9.4,3,492,127
2024,1.4333333333333333,7,438,140
2024,7.833333333333333,5,501,142
2025,8.833333333333334,2,503,142
2025,6.0,7,513,134
2023,3.3666666666666667,7,409,108
2023,1.5,1,453,128
2020,9.266666666666667,3,360,102
2024,8.466666666666667,4,484,157
2019,5.133333333333334,7,476,110
2019,3.4333333333333336,4,380,89
2025,3.3,1,505,132
2018,8.2,2,459,116
2019,6.6,3,417,104
2022,3.4333333333333336,1,459,120
2022,9.566666666666666,7,458,105
2021,4.0,4,409,120
2018,12.766666666666666,1,415,93
2019,11.0,5,406,116
2018,9.333333333333334,2,443,128
2022,5.8,3,452,109
2022,12.7,4,407,113
2022,5.666666666666667,6,415,88
2019,6.766666666666667,1,452,126
2024,7.366666666666666,5,505,146
2019,9.7,7,494,100
2023,9.9,4,470,130
2018,12.6,3,447,127
2018,12.166666666666666,4,381,123
2025,5.866666666666667,2,524,123
2022,6.033333333333333,4,477,126
2022,8.2,7,486,115
2024,2.5,5,467,137
2022,4.8,1,475,125
2018,9.133333333333333,3,460,122
2023,6.2,3,487,130
2018,4.866666666666667,5,423,98
2024,8.8,7,483,112
2018,4.333333333333333,3,437,117
2020,4.2,2,307,93
2023,10.233333333333333,7,516,130
2021,9.766666666666666,5,464,121
2019,7.666666666666667,7,457,122
2023,1.0333333333333334,1,539,124
2025,3.2333333333333334,6,460,129
2021,5.633333333333333,4,476,147
2023,4.033333333333333,7,477,106
2021,6.2,1,490,136
2021,3.8333333333333335,5,433,109
2020,3.2,6,445,130
2019,8.833333333333334,1,436,97
2021,1.9333333333333333,5,361,113
2019,3.6333333333333333,3,435,107
2019,1.0333333333333334,3,467,112
2020,10.366666666666667,1,489,132
2021,8.3,2,451,128
2025,3.0,6,482,118
2020,7.333333333333333,6,427,104
2021,2.466666666666667,1,399,116
2021,12.333333333333334,6,463,105
2024,12.966666666666667,1,561,160
2018,3.066666666666667,6,439,92
2018,5.366666666666666,6,429,100
2020,6.933333333333334,1,403,123
2018,1.4,6,409,97
2022,12.9,3,459,139
2022,1.8666666666666667,4,439,116
2022,2.6333333333333333,7,467,109
2018,1.6,5,485,140
2018,6.0,5,386,122
2025,4.4,7,474,130
2020,3.3333333333333335,3,434,104
2018,10.733333333333333,2,411,120
2020,4.7,3,301,81
2022,2.9,1,448,137
2020,6.833333333333333,5,399,110
2023,9.766666666666666,7,459,119
2023,2.533333333333333,5,448,151
2022,1.4,4,460,103
2022,13.0,6,467,116
2022,7.8,1,499,103
2024,12.166666666666666,5,493,169
2024,8.5,5,481,149
2024,10.366666666666667,6,474,131
2018,7.533333333333333,2,446,107
2023,5.533333333333333,3,430,123
2022,7.066666666666666,7,508,110
2019,8.733333333333333,5,429,119
2025,1.0,3,500,125
2022,3.2,1,476,146
2020,1.6,7,465,119
2022,6.0,3,466,144
2022,10.533333333333333,1,481,119
2024,6.966666666666667,7,478,139
2023,2.466666666666667,3,389,112
2023,9.0,5,522,136
2019,8.533333333333333,6,427,96
2019,5.166666666666667,1,446,117
2024,2.0,3,464,120
2019,12.6,4,448,114
2022,5.533333333333333,2,443,117
2024,3.6,2,445,128
2020,9.533333333333333,4,425,112
2025,6.733333333333333,1,522,145
2022,1.3,1,501,140
2019,6.366666666666666,3,449,111
2018,3.466666666666667,4,404,115
2025,6.166666666666667,5,515,145
2019,6.866666666666667,4,443,112
2019,12.966666666666667,1,442,111
2021,11.766666666666666,3,424,118
2020,2.4,4,414,101
2021,12.733333333333333,4,440,133
2022,5.333333333333333,3,466,122
2018,7.2,6,471,125
2018,9.066666666666666,1,532,114
2024,7.0,1,499,140
2019,8.933333333333334,4,404,121
2023,8.566666666666666,5,524,141
2020,6.066666666666666,3,392,132
2023,7.533333333333333,1,513,137
2024,2.2333333333333334,4,448,145
2022,4.933333333333334,5,443,118
2020,11.466666666666667,7,413,103
2018,5.6,6,470,114
2021,6.7,2,474,153
2018,1.0,1,501,118
2024,3.2333333333333334,5,499,139
2021,5.366666666666666,3,452,138
2025,7.466666666666667,2,501,139
2022,8.933333333333334,1,558,150
2025,4.433333333333334,1,544,151
2019,4.433333333333334,7,448,119
2021,2.2,7,372,99
2020,8.766666666666666,1,431,126
2025,1.7,3,529,145
2018,11.166666666666666,2,386,104
2022,11.433333333333334,1,488,133
2023,11.0,3,448,123
2018,1.7666666666666666,3,446,123
2022,11.8,5,507,147
2023,11.733333333333333,4,412,120
2019,4.733333333333333,2,461,115
2022,4.733333333333333,6,459,122
2021,2.6333333333333333,6,414,97
2018,8.6,7,459,100
2020,8.633333333333333,4,420,143
2025,1.9,2,493,143
2021,7.366666666666666,1,511,135
2021,6.033333333333333,3,495,138
2020,8.533333333333333,1,430,112
2024,4.2,7,473,127
2021,6.4,7,518,134
2023,1.6666666666666665,6,430,123
2018,8.8,6,527,113
2024,9.166666666666666,5,456,130
2021,9.3,5,500,126
2023,3.8,6,518,124
2025,7.933333333333334,2,478,126
2019,2.4333333333333336,4,417,123
2021,6.333333333333333,5,497,136
2022,7.3,7,501,102
2025,3.6666666666666665,5,463,129
2023,4.666666666666667,5,430,127
2021,6.6,6,469,120
2021,12.666666666666666,2,444,111
2019,3.2,4,457,116
2019,5.566666666666666,6,468,109
2022,6.8,6,477,115
2020,8.6,3,425,117
2019,9.1,3,421,130
2022,3.3666666666666667,6,424,112
2024,9.3,2,524,127
2024,11.333333333333334,1,459,109
2024,12.133333333333333,4,447,122
2022,11.0,2,537,139
2024,1.6,5,431,134
2025,1.1,6,469,132
2022,1.5,7,478,126
2023,4.366666666666666,3,498,131
2021,9.566666666666666,6,482,109
2023,2.8666666666666667,1,516,158
2021,6.533333333333333,4,444,124
2021,5.033333333333333,7,485,124
2020,8.8,2,412,113
2021,4.5,5,498,152
2023,3.9333333333333336,3,493,158
2022,10.333333333333334,2,514,141
2023,2.3,5,460,124
2020,10.233333333333333,4,477,121
2023,12.2,4,466,137
2018,3.5,5,397,101
2020,2.2,5,410,110
2020,4.9,2,330,89
2024,5.5,4,525,156
2025,7.0,2,485,136
2025,4.966666666666667,3,537,158
2022,7.733333333333333,6,499,126
2018,3.3,6,419,108
2025,2.8666666666666667,4,514,137
2022,11.933333333333334,2,476,107
2024,7.5,2,482,124
2018,2.033333333333333,5,410,107
2023,6.1,7,534,128
2024,5.266666666666667,4,480,144
2022,8.1,4,443,112
2024,8.333333333333334,7,461,120
2019,9.833333333333334,4,428,101
2024,5.3,5,456,136
2020,9.966666666666667,3,376,122
2023,2.3333333333333335,6,458,113
2019,7.033333333333333,2,469,122
2018,7.066666666666666,2,432,111
2018,9.966666666666667,7,460,108
2020,10.9,3,438,116
2020,1.0,3,568,115
2022,2.0,1,476,118
2025,7.366666666666666,6,499,115
2019,9.966666666666667,1,468,128
2019,12.933333333333334,7,361,95
2018,3.2666666666666666,5,377,112
2025,5.2,3,506,144
2020,7.766666666666667,5,399,120
2022,11.533333333333333,4,458,107
2021,10.333333333333334,1,502,120
2023,4.433333333333334,5,481,143
2023,11.866666666666667,1,520,156
2023,1.1333333333333333,4,433,113
2022,7.333333333333333,1,502,132
2022,5.2,6,459,115
2018,5.2,1,466,129
2023,4.866666666666667,4,447,128
2021,12.1,6,469,99
2020,3.033333333333333,1,494,133
2022,1.9333333333333333,6,457,124
2021,6.766666666666667,4,461,130
2022,2.7,2,384,107
2025,2.2,5,465,135
2023,2.4333333333333336,2,430,124
2023,5.866666666666667,6,481,104
2018,11.833333333333334,1,462,126
2021,12.366666666666667,7,511,132
2021,4.966666666666667,5,442,143
2020,1.9333333333333333,3,441,122
2023,4.166666666666667,4,436,124
2019,6.033333333333333,7,449,92
2018,11.333333333333334,7,426,103
2020,3.6666666666666665,6,362,83
2025,7.766666666666667,4,500,147
2019,9.033333333333333,1,492,115
2023,8.933333333333334,2,531,150
2023,4.0,6,439,106
2025,5.833333333333333,1,501,122
2024,1.4,6,348,100
2022,8.5,2,499,115
2024,12.433333333333334,6,458,119
2020,10.066666666666666,6,411,107
2019,9.533333333333333,2,472,129
2025,4.066666666666666,4,455,129
2020,8.833333333333334,3,461,129
2024,1.9333333333333333,1,510,147
2025,5.333333333333333,7,465,127
2021,4.6,1,456,120
2021,6.0,2,503,145
2022,8.733333333333333,2,475,98
2020,9.9,1,398,89
2019,1.7333333333333334,3,428,129
2019,8.033333333333333,5,429,108
2019,7.133333333333334,5,481,122
2022,3.2333333333333334,2,453,109
2023,9.3,7,474,118
2020,2.1666666666666665,4,452,121
2019,7.9,7,478,121
2020,4.0,3,288,77
2021,8.166666666666666,5,472,124
2019,10.566666666666666,5,458,119
2021,10.1,1,580,133
2020,4.266666666666667,4,245,74
2019,8.0,4,435,132
2018,6.666666666666667,4,430,112
2020,1.3333333333333333,6,391,91
2020,5.533333333333333,7,347,84
2021,11.233333333333333,1,550,134
2022,2.0,2,348,98
2025,4.566666666666666,5,462,130
2023,11.7,3,466,135
2024,4.833333333333333,5,484,141
2020,12.133333333333333,6,383,110
2024,3.1333333333333333,2,491,140
2020,6.9,7,453,128
2023,2.7,3,400,117
2025,1.5,4,505,153
2020,2.3666666666666667,3,394,100
2018,11.8,7,390,102
2021,3.9333333333333336,1,468,126
2019,8.633333333333333,2,427,112
2024,12.5,1,488,148
2020,11.3,2,414,115
2025,8.0,4,480,122
2018,8.966666666666667,4,426,114
2020,1.1333333333333333,7,467,113
2020,6.133333333333334,5,431,124
2022,10.7,6,508,118
2018,8.833333333333334,7,466,108
2021,4.166666666666667,2,469,157
2023,4.066666666666666,1,506,157
2020,12.066666666666666,4,390,112
2022,8.366666666666667,5,471,133
2020,7.2,2,423,113
2022,7.766666666666667,7,505,118
2022,8.066666666666666,3,448,121
2020,7.933333333333334,3,450,110
2019,3.8666666666666667,3,459,111
2021,6.733333333333333,3,478,140
2023,12.9,4,542,159
2024,2.4,2,506,142
2024,5.6,7,496,119
2019,2.033333333333333,6,382,92
2018,11.3,6,425,106
2022,10.0,6,494,125
2021,1.6333333333333333,3,397,119
2021,9.833333333333334,7,528,140
2018,5.733333333333333,3,456,105
2018,4.666666666666667,6,436,115
2020,10.633333333333333,2,386,110
2018,6.3,7,507,128
2019,1.1,5,445,133
2023,1.4,5,456,136
2022,10.766666666666666,1,492,135
2022,7.666666666666667,4,476,117
2020,11.0,6,398,93
2023,11.933333333333334,3,511,162
2020,8.0,5,416,121
2020,9.0,1,434,127
2025,7.666666666666667,1,532,152
2019,11.5,6,437,99
2023,10.066666666666666,2,484,129
2023,9.8,1,549,130
2019,1.7,2,467,125
2022,10.5,7,507,125
2025,8.2,4,473,130
2019,6.066666666666666,1,456,122
2025,7.566666666666666,5,482,145
2019,4.8,4,434,110
2024,9.4,5,488,127
2018,9.0,5,423,101
2019,11.333333333333334,1,476,128
2023,6.033333333333333,5,447,115
2022,4.466666666666667,5,441,123
2020,3.1333333333333333,4,419,122
2021,10.133333333333333,2,514,143
2020,1.0333333333333334,4,515,141
2024,1.0666666666666667,3,541,147
2023,2.5666666666666664,6,485,123
2021,11.8,4,383,106
2020,12.6,6,360,75
2021,5.266666666666667,7,436,115
2023,3.9,2,440,118
2020,11.366666666666667,4,388,118
2019,6.3,1,468,136
2020,11.266666666666667,1,470,147
2024,10.533333333333333,4,493,149
2023,10.733333333333333,1,490,132
2025,6.3,2,503,149
2024,10.233333333333333,2,476,135
2022,11.066666666666666,4,470,109
2020,2.6666666666666665,5,479,132
2023,6.5,5,430,113
2019,9.266666666666667,1,454,114
2020,9.666666666666666,1,500,137
2020,5.1,1,332,101
2021,4.933333333333334,4,440,143
2022,3.8333333333333335,6,414,102
2020,11.333333333333334,3,401,121
2025,5.533333333333333,6,405,111
2021,9.5,4,488,134
2019,4.533333333333333,3,412,118
2023,12.0,5,456,130
2020,9.366666666666667,6,437,105
2024,2.3666666666666667,1,519,140
2024,5.8,6,456,128
2020,4.033333333333333,4,259,73
2021,2.8,4,412,116
2021,5.1,2,480,124
2023,1.9666666666666668,1,477,123
2023,7.8,2,479,117
2023,3.2666666666666666,4,452,126
2018,2.0,3,417,119
2023,9.933333333333334,5,453,147
2020,1.2333333333333334,3,441,121
2023,7.433333333333334,5,501,135
2020,4.566666666666666,6,276,69
2019,11.233333333333333,5,423,131
2019,2.8,1,495,119
2021,5.233333333333333,6,431,108
2022,2.6666666666666665,1,403,121
2021,1.9,4,340,113
2019,8.666666666666666,3,467,140
2019,11.4,3,454,116
2023,9.466666666666667,5,486,130
2018,6.6,2,406,95
2024,3.0,5,504,135
2021,2.2666666666666666,2,373,113
2020,9.5,3,403,129
2020,12.266666666666667,3,387,108
2025,4.1,5,451,137
2019,6.566666666666666,2,433,101
2024,1.8,4,519,144
2019,9.733333333333333,1,519,115
2018,10.266666666666667,2,440,121
2022,5.833333333333333,4,480,146
2025,4.233333333333333,2,511,172
2019,1.3333333333333333,5,398,108
2019,10.4,7,444,104
2020,3.066666666666667,2,412,131
2023,6.166666666666667,2,498,124
2025,1.0333333333333334,4,486,153
2018,2.2666666666666666,5,432,110
2024,12.033333333333333,1,468,128
2022,10.633333333333333,4,463,116
2020,6.5,2,409,135
2022,6.333333333333333,6,452,97
2022,2.2666666666666666,3,457,110
2021,12.933333333333334,3,424,124
2021,7.966666666666667,5,443,121
2019,6.933333333333334,6,487,109
2023,1.2333333333333334,7,475,126
2019,3.0,5,429,131
2023,2.0,3,447,130
2018,1.3333333333333333,4,362,95
2021,1.5333333333333332,7,418,104
2022,10.9,5,469,127
2024,3.8333333333333335,2,437,132
2024,3.8,1,460,132
2024,6.8,2,493,138
2020,6.766666666666667,3,403,122
2021,10.633333333333333,3,418,120
2019,7.1,4,421,108
2019,8.4,2,432,122
2018,5.566666666666666,5,440,124
2023,12.5,6,450,116
2022,3.9333333333333336,2,465,126
2023,11.2,2,458,129
2023,8.466666666666667,2,509,137
2020,10.166666666666666,2,423,111
2023,6.0,4,478,123
2025,2.6666666666666665,5,478,137
2022,11.4,7,502,130
2022,12.566666666666666,7,457,82
2023,6.633333333333333,2,491,140
2025,3.533333333333333,1,524,135
2025,3.3333333333333335,2,500,157
2018,1.9,7,479,105
2018,4.5,1,434,121
2021,8.6,4,493,130
2024,10.133333333333333,6,489,134
2023,10.8,3,472,131
2022,9.033333333333333,5,490,135
2018,4.433333333333334,6,374,84
2021,7.5,5,482,123
2021,7.866666666666667,2,445,146
2024,11.2,4,453,118
2025,6.566666666666666,3,489,146
2025,6.466666666666667,7,469,138
2023,12.066666666666666,7,500,126
2018,2.6333333333333333,2,400,98
2025,7.833333333333333,6,490,102
2018,10.466666666666667,1,420,117
2018,5.0,2,404,102
2021,3.8666666666666667,6,422,113
2020,8.0,6,415,113
2023,12.633333333333333,3,518,166
2022,7.933333333333334,5,462,123
2019,6.666666666666667,5,412,118
2025,2.5666666666666664,2,443,122
2018,4.466666666666667,7,419,111
2023,9.166666666666666,3,497,116
2025,7.9,1,521,147
2024,6.866666666666667,4,486,141
2021,1.1,1,418,144
2023,7.166666666666667,4,479,132
2019,11.833333333333334,2,439,118
2018,2.066666666666667,6,485,89
2021,1.7666666666666666,7,355,102
2022,5.466666666666667,7,491,128
2018,11.5,5,410,123
2024,1.2666666666666666,2,443,132
2018,4.933333333333334,7,493,116
2018,3.3333333333333335,7,429,111
2021,4.666666666666667,3,425,113
2018,7.633333333333333,5,442,101
2022,5.266666666666667,1,517,148
2021,12.966666666666667,4,510,130
2023,8.966666666666667,3,473,133
2022,7.1,1,479,117
2025,3.8333333333333335,3,483,120
2018,5.8,5,441,102
2025,6.866666666666667,5,512,146
2018,12.0,6,428,99
2019,12.8,3,496,114
2018,10.633333333333333,6,440,103
2019,1.7666666666666666,4,382,83
2025,2.7,6,469,132
2025,6.633333333333333,5,523,154
2018,6.333333333333333,1,472,107
2022,5.866666666666667,5,502,135
2018,9.6,3,414,118
2021,1.2333333333333334,5,385,93
2022,1.2666666666666666,7,469,105
2024,4.033333333333333,2,506,149
2025,4.133333333333334,6,475,130
2022,4.133333333333334,2,460,123
2018,11.966666666666667,5,443,101
2021,7.333333333333333,7,534,144
2024,9.7,7,461,121
2022,10.266666666666667,7,500,115
2024,4.7,1,504,177
2023,7.766666666666667,1,505,130
2022,9.0,4,482,129
2025,2.8,2,510,146
2019,7.466666666666667,1,476,126
2020,4.533333333333333,5,303,97
2019,10.033333333333333,3,413,116
2023,12.8,1,476,134
2024,6.233333333333333,6,490,142
2023,10.033333333333333,1,490,141
2024,11.8,1,489,151
2021,4.866666666666667,2,461,136
2018,12.9,5,416,127
2024,7.333333333333333,4,537,165
2024,8.4,2,532,146
2019,4.566666666666666,4,402,94
2020,3.0,7,504,121
2022,6.766666666666667,5,475,127
2022,12.466666666666667,4,398,107
2022,10.866666666666667,4,498,138
2025,8.066666666666666,7,484,128
2018,9.8,2,407,102
2021,13.0,5,436,85
2023,6.6,1,510,140
2018,9.266666666666667,7,476,114
2021,7.0,4,455,116
2023,2.0,2,408,124
2018,9.433333333333334,5,442,118
2022,2.1333333333333333,6,435,116
2022,12.333333333333334,7,528,115
2024,3.066666666666667,7,434,119
2021,9.866666666666667,1,548,150
2020,11.766666666666666,2,396,138
2018,7.3,2,427,118
2019,3.2666666666666666,6,362,99
2023,10.366666666666667,4,456,129
2024,11.266666666666667,6,423,105
2020,8.566666666666666,2,461,136
2022,9.466666666666667,4,488,146
2025,5.966666666666667,5,467,125
2018,9.4,4,397,89
2023,5.033333333333333,2,499,134
2024,2.6,1,538,145
2019,1.5666666666666667,5,385,122
2018,8.633333333333333,1,456,120
2022,6.566666666666666,6,491,117
2025,4.0,2,422,128
2020,1.2,2,464,118
2025,2.0,6,531,136
2023,7.266666666666667,7,540,139
2021,12.7,3,461,128
2025,4.166666666666667,7,524,154
2022,7.7,5,501,137
2019,5.966666666666667,4,460,123
2024,8.433333333333334,3,477,129
2020,10.8,7,396,104
2024,7.133333333333334,5,498,155
2018,8.133333333333333,7,476,108
2021,2.5666666666666664,4,391,112
2023,12.366666666666667,2,495,124
2022,9.7,4,470,122
2022,6.633333333333333,1,519,143
2023,6.3,6,420,106
2023,4.133333333333334,3,380,104
2020,11.566666666666666,3,443,130
2019,1.4,7,465,121
2018,1.8666666666666667,6,503,109
2020,7.433333333333334,2,409,113
2023,7.2,5,445,129
2022,11.166666666666666,7,510,110
2024,3.966666666666667,6,460,123
2022,2.3666666666666667,6,408,107
2020,11.966666666666667,1,409,120
2022,2.7333333333333334,3,406,133
2024,4.466666666666667,1,496,136
2022,1.2,5,456,125
2024,9.666666666666666,6,498,137
2024,4.766666666666667,3,444,133
2022,9.866666666666667,2,450,110
2023,4.533333333333333,1,452,125
2019,11.366666666666667,2,421,111
2022,8.833333333333334,5,471,113
2021,5.833333333333333,3,421,120
2018,10.6,5,386,101
2018,2.6666666666666665,3,417,99
2019,4.966666666666667,2,395,115
2018,12.933333333333334,6,454,126
2019,11.966666666666667,6,388,102
2024,4.9,7,461,121
2020,2.7666666666666666,1,501,128
2024,5.666666666666667,2,451,141
2022,9.0,3,478,131
2025,7.633333333333333,7,484,134
2021,8.833333333333334,4,447,115
2019,11.433333333333334,4,441,129
2021,4.3,6,453,128
2024,11.666666666666666,4,433,120
2024,7.7,1,519,149
2021,10.533333333333333,7,464,113
2020,9.566666666666666,5,415,101
2024,7.066666666666666,3,455,133
2025,5.633333333333333,2,451,139
2021,9.466666666666667,3,488,124
2025,2.3333333333333335,2,463,129
2022,6.866666666666667,1,537,149
2025,4.733333333333333,3,462,123
2023,8.766666666666666,4,458,133
2021,5.966666666666667,7,436,111
2018,12.066666666666666,1,452,116
2020,5.866666666666667,3,376,123
2024,12.2,6,496,123
2023,5.766666666666667,3,473,141
2023,12.266666666666667,6,452,127
2025,1.7333333333333334,4,514,152
2020,8.966666666666667,7,438,110
2020,3.9333333333333336,7,299,65
2024,3.2666666666666666,6,451,119
2023,1.8666666666666667,5,481,137
2024,11.4,3,488,122
2022,6.833333333333333,7,467,110
2024,7.933333333333334,1,515,146
2023,4.933333333333334,6,476,126
2022,9.833333333333334,1,499,154
2020,1.7,3,462,145
2024,11.966666666666667,6,461,112
2024,4.333333333333333,4,475,133
2020,6.8,4,412,116
2021,8.9,6,502,119
2018,12.8,2,475,117
2018,4.4,5,390,103
2022,3.533333333333333,4,465,111
2018,4.233333333333333,7,437,100
2020,1.1,6,455,117
2020,1.0666666666666667,5,485,115
2022,1.1333333333333333,3,446,103
2021,12.866666666666667,1,485,127
2023,5.566666666666666,4,478,140
2020,12.966666666666667,3,359,97
2021,3.0,1,417,126
2025,8.1,1,556,164
2019,1.5,3,376,117
2025,2.4333333333333336,5,445,121
2022,1.1666666666666667,4,458,115
2024,1.3333333333333333,4,471,127
2018,12.133333333333333,3,434,125
2018,7.166666666666667,5,464,138
2019,8.6,1,440,116
2018,9.766666666666666,1,438,113
2018,8.1,6,469,109
2025,8.366666666666667,2,512,153
2021,9.633333333333333,1,503,131
2021,9.1,6,499,121
2024,3.5,6,453,110
2022,7.833333333333333,2,475,129
2020,10.133333333333333,1,479,151
2021,12.766666666666666,5,453,101
2023,4.733333333333333,7,490,119
2018,11.266666666666667,5,392,99
2024,2.033333333333333,5,509,169
2018,9.3,1,469,129
2022,11.633333333333333,7,462,104
2020,6.0,7,374,121
2025,3.9,5,457,137
2020,12.466666666666667,2,399,120
2024,2.3333333333333335,7,457,122
2024,1.1333333333333333,5,502,127
2019,2.1666666666666665,3,368,95
2019,1.6333333333333333,7,430,97
2020,8.5,7,464,116
2019,9.133333333333333,4,438,108
2018,11.0,3,355,89
2018,3.8333333333333335,1,448,114
2018,6.566666666666666,1,487,125
2019,3.7666666666666666,7,461,98
2021,4.0,3,410,111
2024,4.966666666666667,2,474,137
2022,5.366666666666666,4,429,122
2021,1.2666666666666666,6,357,99
2022,10.966666666666667,7,502,121
2020,1.4,1,460,116
2022,2.3333333333333335,5,391,107
2019,2.2333333333333334,5,381,111
2023,6.7,4,486,159
2022,7.166666666666667,3,502,141
2020,4.6,7,312,74
2020,5.166666666666667,3,328,102
2025,3.2666666666666666,7,482,122
2019,9.866666666666667,5,444,106
2023,1.0,7,484,113
2024,9.966666666666667,1,493,146
2019,7.633333333333333,6,437,98
2025,5.4,2,525,168
2023,2.9,2,443,126
2020,9.7,2,469,133
2023,8.233333333333333,2,523,141
2019,2.7,5,425,92
2018,7.6,4,427,113
2023,5.366666666666666,5,488,138
2019,3.5666666666666664,1,496,115
2021,6.3,4,474,138
2024,2.6333333333333333,2,489,135
2018,11.533333333333333,6,428,97
2020,5.466666666666667,5,371,93
2022,10.4,4,457,122
2025,2.1,2,457,128
2020,9.333333333333334,5,423,136
2024,3.1,1,504,158
2019,3.7333333333333334,6,514,124
2021,1.3,7,374,105
2020,9.866666666666667,7,427,100
2023,4.566666666666666,2,494,140
2019,3.6,2,461,122
2021,1.9666666666666668,6,408,97
2019,3.3333333333333335,1,479,152
2022,8.566666666666666,4,472,132
2022,12.1,7,491,111
2020,1.2666666666666666,4,422,125
2023,10.166666666666666,5,460,105
2023,1.7,7,446,117
2024,6.666666666666667,5,456,145
2023,6.766666666666667,6,441,112
2025,5.433333333333334,3,525,153
2025,1.3666666666666667,7,458,117
2019,2.8333333333333335,2,406,122
2022,9.666666666666666,3,496,138
2019,1.0666666666666667,4,446,117
2023,3.966666666666667,4,455,111
2023,7.833333333333333,3,503,142
2023,3.466666666666667,3,431,126
2023,10.666666666666666,6,422,133
2020,8.333333333333334,2,439,119
2023,1.9,6,419,126
2025,3.9333333333333336,6,418,112
2022,5.233333333333333,7,444,107
2019,4.2,7,448,102
2018,12.1,2,432,101
2019,5.666666666666667,2,455,105
2020,6.2,7,428,108
2018,2.6,1,460,144
2021,11.033333333333333,2,469,122
2022,3.5666666666666664,5,498,123
2023,11.166666666666666,1,517,154
2024,1.9,7,480,129
2018,7.133333333333334,4,438,122
2024,3.2,4,462,131
2019,5.8,6,443,100
2023,6.833333333333333,1,495,142
2020,1.5666666666666667,6,393,101
2020,11.633333333333333,5,341,106
2020,1.8666666666666667,1,503,122
2018,10.0,1,453,112
2020,9.6,6,472,113
2020,4.466666666666667,3,293,88
2018,1.9666666666666668,2,446,122
2023,8.9,1,515,152
2018,6.066666666666666,7,483,121
2020,5.933333333333334,5,400,124
2024,9.6,4,530,158
2019,7.066666666666666,3,462,132
2023,11.966666666666667,4,455,130
2020,6.266666666666667,2,375,112
2019,6.433333333333334,5,455,126
2022,2.7666666666666666,4,393,111
2022,2.533333333333333,4,439,109
2021,6.366666666666666,6,484,114
2021,5.3,1,473,124
2025,7.133333333333334,6,511,134
2021,10.4,3,420,114
2023,5.8,4,489,112
2020,6.3,3,395,123
2020,12.866666666666667,7,390,108
2025,6.766666666666667,2,463,137
2021,2.7333333333333334,2,412,120
2024,5.4,1,522,158
2023,6.0,3,480,135
2021,6.933333333333334,2,487,118
2021,4.733333333333333,5,435,124
2019,1.8333333333333335,6,435,98
2018,3.4,2,407,114
2021,1.3333333333333333,1,413,120
2022,7.233333333333333,5,488,119
2023,6.433333333333334,3,489,134
2024,5.966666666666667,4,474,133
2025,3.5,7,465,98
2022,5.5,1,496,143
2019,4.666666666666667,7,438,107
2021,5.533333333333333,1,460,150
2018,5.933333333333334,2,453,127
2025,7.3,4,535,154
2024,12.0,7,445,132
2020,10.966666666666667,5,430,140
2023,4.766666666666667,1,504,150
2020,2.5666666666666664,2,446,125
2021,8.0,7,528,128
2024,5.433333333333334,2,493,136
2020,6.7,1,417,126
2024,3.8666666666666667,3,494,123
2023,7.1,2,433,113
2019,6.9,5,457,125
2025,2.2666666666666666,7,465,130
2018,10.766666666666666,3,399,112
2024,4.1,4,487,147
2022,11.466666666666667,2,462,123
2023,9.733333333333333,6,489,121
2020,1.3666666666666667,7,483,126
2021,7.4,2,475,115
2022,6.4,1,503,125
2019,10.733333333333333,3,425,122
2020,3.4,5,373,105
2022,11.133333333333333,6,504,132
2018,9.233333333333333,6,491,91
2020,3.533333333333333,2,391,109
2018,8.033333333333333,4,440,146
2022,8.766666666666666,3,460,109
2024,11.533333333333333,7,454,139
2020,10.3,6,453,113
2019,10.633333333333333,7,458,112
2023,4.833333333333333,3,501,136
2019,4.0,7,449,104
2023,3.3333333333333335,6,351,93
2024,11.433333333333334,4,483,126
2023,7.033333333333333,7,520,110
2020,2.9,5,430,120
2020,10.1,7,469,112
2020,10.833333333333334,1,408,112
2025,8.4,3,546,147
2020,10.566666666666666,7,405,113
2024,9.433333333333334,6,497,136
2024,12.833333333333334,4,534,176
2023,5.833333333333333,5,485,126
2018,2.8333333333333335,1,459,114
2023,12.233333333333333,5,468,138
2023,5.666666666666667,7,487,123
2024,12.733333333333333,1,530,163
2022,4.966666666666667,6,421,103
2023,11.533333333333333,5,511,154
2021,7.166666666666667,2,558,134
2018,2.7333333333333334,5,410,103
2023,12.166666666666666,3,517,140
2022,4.166666666666667,3,431,101
2023,2.066666666666667,5,416,115
2019,1.9,1,453,122
2021,3.3666666666666667,5,412,127
2024,3.1666666666666665,3,465,148
2024,7.766666666666667,3,486,141
2024,10.833333333333334,6,461,126
2023,10.4,5,454,132
2019,9.0,6,428,93
2020,2.7,6,473,113
2025,9.0,7,489,132
2024,2.1,7,475,117
2024,6.066666666666666,1,498,146
2020,9.0,2,389,118
2018,3.2,3,438,118
2023,4.233333333333333,6,445,116
2023,5.7,1,537,154
2018,3.3666666666666667,1,468,127
2021,11.833333333333334,5,477,129
2023,12.833333333333334,2,482,154
2021,9.933333333333334,3,474,122
2025,6.5,1,485,153
2018,3.7,4,436,108
2023,10.766666666666666,2,483,120
2018,6.933333333333334,5,447,113
2022,3.4,7,415,106
2018,4.1,3,430,116
2022,4.0,5,412,114
2024,5.466666666666667,3,505,138
2019,10.133333333333333,6,499,105
2024,7.1,4,425,125
2022,3.5,3,401,118
2019,6.5,7,439,125
2025,2.6,3,437,118
2018,11.066666666666666,6,448,98
2019,5.233333333333333,3,433,118
2020,3.7,7,354,79
2021,3.8,4,406,111
2018,8.566666666666666,6,447,103
2022,4.766666666666667,7,417,98
2023,11.566666666666666,6,477,117
2019,5.766666666666667,5,469,129
2025,1.6666666666666665,2,475,149
2022,7.366666666666666,2,472,130
2020,11.2,6,452,96
2023,6.866666666666667,2,512,156
2019,10.233333333333333,2,474,134
2021,8.466666666666667,7,491,121
2025,6.433333333333334,6,428,117
2021,5.333333333333333,2,411,124
2021,10.0,5,471,115
2021,12.233333333333333,3,451,118
2024,1.0,1,526,136
2020,6.333333333333333,4,387,101
2024,5.7,3,515,153
2022,11.333333333333334,5,464,163
2018,11.466666666666667,4,419,114
2023,1.5666666666666667,3,459,132
2020,7.0,3,408,113
2022,1.7,6,440,109
2021,4.4,2,405,118
2023,5.333333333333333,4,447,141
2024,4.933333333333334,1,523,140
2024,1.5,2,474,167
2021,4.366666666666666,1,451,144
2021,8.266666666666667,1,522,141
2025,6.8,3,491,135
2025,5.566666666666666,7,468,117
2019,6.733333333333333,7,468,118
2022,4.633333333333333,3,425,118
2018,5.966666666666667,3,475,112
2022,9.366666666666667,1,561,151
2025,6.366666666666666,4,508,145
2019,7.833333333333333,5,489,125
2021,5.733333333333333,7,435,99
2022,10.6,3,480,152
2023,5.066666666666666,3,491,150
2021,6.5,3,496,139
2021,11.7,1,515,134
2024,6.733333333333333,7,501,129
2022,7.266666666666667,6,478,111
2022,8.133333333333333,5,457,124
2021,10.233333333333333,5,471,144
2023,8.833333333333334,6,471,127
2023,9.633333333333333,3,471,139
2022,3.7666666666666666,4,441,111
2025,8.3,7,498,123
2020,9.8,5,417,120
2018,11.433333333333334,3,413,110
2024,6.933333333333334,6,428,122
2022,6.5,4,438,107
2023,5.166666666666667,6,461,118
2021,3.7666666666666666,3,400,107
2018,9.633333333333333,4,410,94
2019,8.7,4,441,127
2020,5.0,5,320,93
2024,5.866666666666667,1,491,130
2021,7.533333333333333,6,504,116
2020,2.533333333333333,1,478,127
2021,2.1333333333333333,5,394,105
2018,12.633333333333333,4,422,109
2021,9.166666666666666,1,545,120
2023,11.3,5,455,113
2024,10.4,7,464,126
2022,12.033333333333333,5,460,114
2023,9.0,4,539,145
2022,9.8,7,505,126
2024,12.8,3,468,126
2019,5.366666666666666,7,426,108
2025,7.266666666666667,3,537,128
2024,7.033333333333333,2,473,143
2019,9.933333333333334,7,415,103
2025,3.1,2,483,130
2019,2.3666666666666667,2,426,123
2020,11.6,4,435,127
2025,4.0,1,498,165
2023,7.933333333333334,6,457,123
2019,9.433333333333334,6,502,122
2024,4.666666666666667,7,522,135
2018,8.433333333333334,2,433,113
2021,1.4333333333333333,4,350,104
2018,7.5,1,516,131
2022,10.066666666666666,1,517,146
2019,11.066666666666666,7,482,119
2018,4.3,2,450,139
2022,4.366666666666666,2,413,107
2018,7.733333333333333,1,443,125
2022,5.166666666666667,5,492,119
2019,3.533333333333333,7,466,104
2022,12.3,6,511,118
2020,7.533333333333333,5,439,107
2021,9.433333333333334,2,493,132
2025,4.666666666666667,1,558,145
2021,7.233333333333333,4,471,95
2022,3.1333333333333333,6,441,114
2021,7.3,6,470,123
2020,1.8333333333333335,7,524,130
2020,7.7,3,450,106
2024,8.0,4,506,149
2021,7.666666666666667,3,464,142
2018,5.833333333333333,6,417,82
2018,11.733333333333333,5,456,140
2024,4.433333333333334,7,487,124
2018,12.266666666666667,7,423,81
2021,7.266666666666667,5,493,141
2024,2.8,7,510,133
2019,4.6,5,429,114
2020,1.5,4,402,94
2020,11.066666666666666,2,425,108
2023,12.533333333333333,7,504,127
2018,1.3,3,434,118
2022,1.2333333333333334,6,459,109
2019,3.2333333333333334,5,438,108
2019,9.3,2,464,125
2025,6.6,4,481,141
2023,9.666666666666666,4,490,144
2019,12.133333333333333,4,425,126
2025,2.6333333333333333,4,420,135
2018,1.2,7,460,104
2022,10.133333333333333,3,463,116
2025,5.266666666666667,5,531,156
2020,11.866666666666667,5,376,125
2025,4.466666666666667,2,521,134
2020,5.833333333333333,2,387,124
2022,4.533333333333333,7,440,122
2019,6.1,2,428,126
2022,12.766666666666666,6,405,103
2021,9.666666666666666,2,459,106
2024,10.333333333333334,5,493,129
2022,6.366666666666666,7,487,134
2023,11.333333333333334,6,470,115
2022,6.733333333333333,4,406,110
2022,1.3333333333333333,2,449,135
2020,2.3333333333333335,2,459,125
2024,6.9,5,481,142
2022,7.966666666666667,6,479,120
2023,12.866666666666667,3,545,156
2021,1.4,3,398,122
2024,7.966666666666667,2,517,158
2019,11.733333333333333,6,465,95
2024,3.5666666666666664,1,525,150
2024,4.6,5,450,143
2021,10.2,4,511,132
2025,1.5333333333333332,5,465,134
2023,11.433333333333334,2,487,137
2021,10.966666666666667,6,461,98
2024,8.066666666666666,6,482,128
2019,8.3,6,407,90
2025,2.2333333333333334,6,474,127
2024,4.366666666666666,5,462,143
2024,1.0333333333333334,2,545,152
2023,7.233333333333333,6,501,106
2024,10.1,5,485,144
2024,12.7,7,472,126
2025,1.2,2,456,138
2019,4.333333333333333,4,358,99
2021,8.866666666666667,5,450,126
2018,6.766666666666667,7,494,116
2022,8.0,7,502,114
2019,11.766666666666666,7,478,116
2021,5.4,4,446,131
2020,7.166666666666667,1,451,133
2024,1.9666666666666668,2,503,126
2024,7.233333333333333,1,512,146
2021,12.566666666666666,6,435,118
2022,1.4666666666666668,6,481,112
2022,9.4,2,461,105
2019,3.9,4,429,133
2020,12.033333333333333,3,367,106
2019,7.766666666666667,3,420,106
2024,1.6333333333333333,6,447,115
2023,10.1,3,426,123
2022,9.066666666666666,6,465,104
2019,3.466666666666667,5,466,122
2023,4.3,1,489,134
2018,10.366666666666667,5,405,117
2022,7.533333333333333,7,525,126
2020,1.9,2,437,117
2021,2.0,7,379,82
2018,11.866666666666667,2,421,112
2021,10.433333333333334,4,449,130
2022,7.033333333333333,6,452,113
2024,4.266666666666667,2,483,144
2021,7.733333333333333,5,477,136
2020,3.6,4,349,73
2023,8.366666666666667,6,445,123
2023,11.266666666666667,4,460,114
2022,7.633333333333333,3,502,123
2019,1.3666666666666667,6,428,102
2021,3.966666666666667,2,380,110
2018,4.8,3,438,115
2021,9.4,1,509,114
2021,9.0,2,464,133
2020,9.166666666666666,7,439,125
2021,11.633333333333333,6,477,120
2019,7.2,7,481,117
2019,5.333333333333333,6,411,93
2018,4.533333333333333,2,378,91
2020,8.866666666666667,4,414,109
2025,6.933333333333334,7,510,141
2025,1.4333333333333333,2,434,116
2020,2.2333333333333334,6,472,113
2023,11.133333333333333,7,464,126
2023,4.5,7,435,103
2019,6.2,5,463,114
2021,10.8,1,483,126
2022,11.5,3,482,139
2023,3.3,5,446,116
2024,10.3,4,481,123
2022,10.933333333333334,6,520,127
2022,2.8666666666666667,7,449,123
2024,10.033333333333333,3,482,141
2021,6.066666666666666,4,469,124
2018,6.8,1,469,119
2024,2.7666666666666666,6,491,115
2025,8.733333333333333,6,536,130
2018,7.666666666666667,6,432,113
2019,11.8,1,467,118
2022,1.5333333333333332,1,486,130
2022,1.9,5,414,115
2022,8.633333333333333,6,472,121
2025,3.1666666666666665,4,489,150
2019,3.1666666666666665,3,458,129
2019,10.966666666666667,3,422,118
2019,7.933333333333334,1,482,125
2018,6.9,4,458,110
2019,6.633333333333333,4,466,115
2024,5.933333333333334,3,488,151
2023,2.2666666666666666,4,458,130
2024,5.533333333333333,5,460,135
2019,2.5666666666666664,1,430,113
2024,3.9333333333333336,5,436,121
2023,1.8,3,457,131
2022,10.466666666666667,6,443,98
2022,8.333333333333334,4,470,126
2018,3.9,3,386,103
2021,12.6,7,451,104
2023,5.266666666666667,2,471,137
2018,6.633333333333333,3,410,97
2019,8.966666666666667,5,417,101
2023,7.5,7,455,121
2018,4.166666666666667,5,434,119
2024,10.866666666666667,7,449,100
2020,6.466666666666667,1,426,136
2021,5.7,6,472,106
2021,2.6666666666666665,7,426,113
2022,8.533333333333333,3,450,135
2019,11.166666666666666,3,418,113
2024,3.033333333333333,6,481,124
2023,1.8333333333333335,4,406,113
2024,5.733333333333333,4,459,139
2019,12.633333333333333,5,454,115
2018,5.1,5,417,112
2023,11.833333333333334,7,480,133
2022,5.7,7,463,133
2023,9.133333333333333,2,504,142
2025,1.3,5,481,140
2021,10.3,7,486,115
2023,3.1,6,483,112
2024,9.633333333333333,5,535,148
2022,8.9,7,492,121
2020,6.366666666666666,5,381,109
2021,2.1,4,365,93
2021,5.2,5,451,113
2024,12.633333333333333,5,468,139
2019,4.9,7,452,97
2022,11.6,6,437,112
2024,1.1,4,483,132
2024,6.4,4,514,137
2020,5.333333333333333,1,363,124
2019,8.9,3,437,133
2021,6.0,1,499,124
2022,10.2,5,437,113
2024,9.066666666666666,2,509,146
2019,1.1666666666666667,7,410,114
2022,8.233333333333333,1,515,150
2024,7.8,4,490,144
2018,13.0,1,410,104
2024,5.0,3,470,132
2020,5.2,4,333,95
2025,5.8,7,472,123
2019,2.2,4,346,86
2021,3.033333333333333,2,443,120
2021,10.766666666666666,7,487,129
2021,11.5,2,478,117
2025,2.466666666666667,6,478,116
2024,6.033333333333333,7,514,135
2023,12.766666666666666,7,432,116
2024,11.9,4,352,111
2021,6.1,5,455,129
2024,5.9,2,533,134
2025,1.6,7,461,130
2025,8.666666666666666,4,499,136
2019,10.1,5,426,113
2020,3.5666666666666664,3,353,96
2020,3.966666666666667,1,296,86
2024,9.5,1,511,155
2018,4.133333333333334,4,391,118
2020,5.066666666666666,7,351,99
2019,5.2,2,438,121
2023,3.066666666666667,5,487,134
2025,3.6333333333333333,4,478,140
2018,6.133333333333334,2,405,102
2023,11.1,6,467,119
2024,8.133333333333333,1,542,139
2020,10.766666666666666,6,418,106
2022,2.8333333333333335,6,415,112
2021,3.7333333333333334,2,457,163
2023,5.633333333333333,6,498,114
2023,6.666666666666667,3,483,129
2018,6.266666666666667,6,453,99
2018,6.466666666666667,5,390,97
2018,6.366666666666666,2,395,108
2025,5.033333333333333,5,504,130
2024,1.2,7,470,119
2020,4.966666666666667,4,322,94
2019,12.866666666666667,5,502,135
2019,11.0,4,403,108
2020,7.566666666666666,6,426,110
2024,7.566666666666666,4,457,133
2023,7.633333333333333,4,484,141
2024,4.4,6,488,138
2018,4.7,7,440,96
2018,2.8,7,464,108
2021,5.6,3,464,131
2021,8.433333333333334,6,495,132
2022,6.9,2,466,133
2022,3.7333333333333334,3,448,127
2019,9.9,6,423,110
2024,8.6,1,494,152
2025,2.5,7,439,119
2025,2.7666666666666666,1,546,175
2020,11.1,3,407,106
2025,1.9666666666666668,4,507,126
2023,10.266666666666667,1,539,160
2023,6.933333333333334,4,484,142
2019,8.166666666666666,2,435,110
2020,6.6,5,412,138
2020,7.833333333333333,7,445,124
2024,6.166666666666667,4,466,128
2025,6.4,5,489,132
2022,10.8,2,502,145
2019,12.5,1,506,112
2020,11.166666666666666,5,452,132
2020,12.3,4,383,124
2025,8.566666666666666,1,517,153
2024,10.466666666666667,2,488,151
2018,10.866666666666667,6,450,99
2021,11.9,7,476,120
2025,1.1666666666666667,1,509,145
2018,12.466666666666667,6,416,104
2021,10.266666666666667,6,479,118
2022,4.833333333333333,2,429,118
2019,13.0,2,445,123
2022,9.5,5,505,124
2023,5.4,6,476,125
2020,5.366666666666666,2,337,92
2019,4.233333333333333,1,517,163
2021,12.4,1,505,121
2025,4.6,6,469,130
2020,11.9,6,410,103
2024,2.533333333333333,6,451,123
2019,9.766666666666666,2,464,109
2021,3.2333333333333334,1,416,119
2025,5.5,5,447,130
2024,11.6,2,523,146
2021,3.1,4,402,116
2022,9.133333333333333,1,548,136
2019,11.466666666666667,5,441,125
2024,10.766666666666666,4,448,118
2018,8.533333333333333,5,445,113
2023,5.1,4,464,118
2021,9.8,6,483,120
2019,9.633333333333333,5,485,127
2020,10.0,4,401,114
2022,7.466666666666667,5,484,158
2024,8.1,7,485,128
2025,5.1,7,489,131
2021,11.066666666666666,3,508,142
2021,7.466666666666667,4,457,127
2023,9.866666666666667,3,499,125
2024,1.7,1,478,138
2025,4.2,1,552,153
2021,7.766666666666667,6,457,114
2023,9.2,4,503,138
2018,1.1333333333333333,5,408,111
2022,8.0,1,536,135
2020,8.066666666666666,1,458,136
2022,9.9,3,416,108
2021,8.133333333333333,4,497,150
2024,12.466666666666667,7,468,129
2024,5.566666666666666,6,482,112
2019,3.8,1,450,100
2020,1.6666666666666665,2,437,110
2024,10.066666666666666,4,452,138
2022,4.6,2,507,151
2022,2.4,7,443,99
2021,10.566666666666666,1,493,138
2018,10.1,4,394,96
2023,4.266666666666667,7,437,110
2018,1.6333333333333333,6,500,105
2025,5.466666666666667,4,504,151
2023,2.8333333333333335,7,424,109
2025,8.9,4,498,126
2020,12.566666666666666,5,388,117
2020,7.666666666666667,2,446,136
2025,6.2,6,474,107
2020,3.2333333333333334,7,456,126
2019,3.1333333333333333,2,412,114
2019,9.333333333333334,3,471,129
2018,11.033333333333333,5,391,101
2022,9.166666666666666,2,510,140
2018,8.666666666666666,2,441,108
2024,12.1,3,428,121
2021,5.933333333333334,6,466,119
2020,8.033333333333333,7,428,112
2021,7.2,3,508,139
2018,8.366666666666667,7,471,118
2019,12.666666666666666,6,460,115
2025,5.133333333333334,1,516,134
2022,2.1,5,459,138
2021,9.9,2,478,126
2022,12.633333333333333,2,475,142
2018,11.233333333333333,4,444,127
2019,6.166666666666667,4,413,120
2020,4.066666666666666,5,272,80
2020,2.033333333333333,7,442,95
2019,7.7,1,453,117
2023,4.0,5,470,132
2021,3.6333333333333333,6,425,102
2019,10.066666666666666,4,456,133
2023,12.333333333333334,1,497,141
2019,8.333333333333334,7,469,98
2020,2.8333333333333335,3,421,104
2018,7.7,7,501,104
2021,11.733333333333333,2,484,136
2023,10.6,4,448,125
2023,6.066666666666666,6,458,118
2018,4.966666666666667,1,466,117
2018,9.033333333333333,7,474,110
2019,10.533333333333333,4,465,129
2021,7.1,7,491,128
2025,5.3,6,439,99
2021,1.3666666666666667,2,352,115
2025,3.7333333333333334,7,478,123
2021,5.566666666666666,2,458,133
2021,3.3,3,387,108
2023,12.4,3,501,140
2021,9.233333333333333,3,476,138
2020,9.766666666666666,4,428,114
2019,4.633333333333333,6,480,131
2025,8.266666666666667,6,475,138
2021,2.3,3,373,102
2022,12.366666666666667,1,549,164
2019,8.0,3,428,122
2023,9.266666666666667,6,493,130
2023,8.033333333333333,3,481,125
2023,5.133333333333334,5,465,133
2020,7.6,7,474,101
2021,5.866666666666667,4,393,116
2018,2.1666666666666665,2,408,115
2022,4.433333333333334,4,390,118
2021,8.033333333333333,1,514,144
2025,5.733333333333333,5,536,141
2024,12.766666666666666,2,469,106
2019,5.7,3,411,114
2021,1.5666666666666667,1,427,104
2021,2.033333333333333,2,405,129
2022,4.666666666666667,4,463,125
2019,1.2333333333333334,2,414,117
2018,4.6,4,411,102
2019,7.3,3,408,106
2019,7.233333333333333,1,491,144
2022,8.033333333333333,2,461,132
2020,4.166666666666667,1,318,97
2023,5.2,7,484,125
2022,9.3,6,482,99
2025,1.2333333333333334,3,490,142
2024,11.066666666666666,7,499,139
2023,7.3,1,502,143
2025,3.6,3,485,146
2018,4.2,6,462,112
2023,12.933333333333334,5,496,150
2018,8.466666666666667,3,493,119
2021,8.366666666666667,4,448,118
2021,10.7,5,486,122
2024,6.3,1,540,157
2024,7.166666666666667,6,478,130
2022,4.266666666666667,6,467,108
2018,7.866666666666667,5,405,96
2022,2.466666666666667,2,453,128
2023,12.6,2,500,129
2025,2.533333333333333,1,483,132
2019,3.4,3,422,116
2018,3.0,4,439,113
2019,10.6,6,419,92
2020,6.966666666666667,2,406,119
2023,3.1333333333333333,7,433,93
2021,7.833333333333333,1,514,130
2020,2.1,2,454,108
2022,2.2,1,468,131
2018,9.166666666666666,4,474,138
2024,3.7,5,448,142
2024,4.3,3,483,139
2020,8.133333333333333,3,370,95
2022,9.433333333333334,3,495,138
2019,2.3,7,503,108
2019,5.933333333333334,3,452,112
2023,10.433333333333334,6,461,121
2023,8.0,2,431,124
2019,11.2,4,409,99
2023,6.333333333333333,7,465,114
2019,1.2666666666666666,3,376,97
2023,10.533333333333333,2,496,153
2022,7.4,3,444,104
2023,12.3,7,457,111
2020,10.2,3,451,121
2024,9.466666666666667,7,484,131
2022,4.3,7,441,108
2023,9.566666666666666,1,519,142
2022,3.6666666666666665,1,508,149
2024,2.7,4,495,145
2019,5.9,2,486,136
2023,2.7333333333333334,4,400,116
2020,9.633333333333333,7,469,145
2020,1.5333333333333332,5,339,98
2019,12.2,6,503,110
2022,3.6,6,458,126
2019,2.6666666666666665,4,455,129
2019,9.2,6,469,112
2025,8.8,1,505,162
2020,12.433333333333334,1,384,117
2022,12.233333333333333,4,467,118
2021,8.8,3,475,133
2023,10.966666666666667,1,447,136
2023,7.466666666666667,6,447,111
2025,3.7666666666666666,1,516,146
2019,12.533333333333333,2,480,131
2024,5.133333333333334,7,502,132
2025,4.366666666666666,6,471,123
2018,8.766666666666666,5,408,105
2018,1.2666666666666666,2,438,110
2022,1.9666666666666668,7,439,105
2021,2.3333333333333335,4,377,114
2023,11.766666666666666,5,464,142
2024,1.7333333333333334,2,468,135
2018,9.9,5,376,93
2018,9.466666666666667,6,437,104
2021,6.633333333333333,7,458,117
2020,6.0,1,425,121
2020,2.0,5,443,127
2023,7.866666666666667,4,476,138
2023,5.466666666666667,1,525,159
2019,11.3,7,468,125
2025,3.8666666666666667,4,464,137
2024,3.6333333333333333,3,485,125
2025,6.133333333333334,4,481,133
2021,3.9,7,412,112
2024,10.2,1,494,143
2024,6.0,6,421,124
2023,12.7,5,504,145
2022,12.966666666666667,5,457,125
2023,2.6666666666666665,2,439,118
2025,3.066666666666667,1,559,161
2018,8.866666666666667,1,433,118
2019,12.766666666666666,2,426,88
2020,4.333333333333333,6,284,69
2020,4.133333333333334,7,322,86
2023,13.0,7,553,122
2022,12.266666666666667,5,463,119
2020,7.066666666666666,5,445,107
2019,2.0,5,459,124
2023,1.2,6,429,108
2023,3.4,1,486,122
2022,9.333333333333334,7,472,110
2018,7.833333333333333,4,409,118
2019,12.7,7,451,88
2023,1.9333333333333333,7,432,111
2024,8.266666666666667,5,524,152
2018,7.566666666666666,3,446,111
2023,2.6333333333333333,1,484,150
2025,6.966666666666667,1,526,157
2021,3.066666666666667,3,436,130
2021,2.533333333333333,3,365,114
2018,9.666666666666666,5,433,132
2023,1.0666666666666667,2,464,136
2022,1.6333333333333333,4,401,111
2019,4.833333333333333,5,450,126
2022,3.1666666666666665,7,461,118
2018,8.5,4,413,110
2019,9.066666666666666,2,480,137
2024,3.533333333333333,7,467,127
2022,11.833333333333334,6,540,118
2019,4.866666666666667,6,453,105
2023,6.4,2,509,154
2022,12.2,3,508,129
2024,8.966666666666667,5,439,124
2023,8.7,2,470,129
2023,4.966666666666667,7,508,112
2020,4.866666666666667,1,356,109
2021,6.166666666666667,7,517,130
2018,3.2333333333333334,4,381,107
2019,9.0,7,454,132
2024,8.366666666666667,1,544,148
2020,3.8333333333333335,4,345,91
2024,4.5,2,460,134
2018,1.6666666666666665,7,493,104
2024,3.4,3,491,141
2024,8.533333333333333,6,485,126
2022,5.9,6,488,141
2021,5.5,7,501,121
2021,12.0,3,484,131
2022,7.866666666666667,3,454,133
2018,4.033333333333333,1,437,122
2018,4.9,6,430,86
2024,12.6,4,427,110
2018,3.8,7,442,107
2018,5.133333333333334,6,431,107
2022,12.533333333333333,6,539,132
2020,2.3,1,485,121
2022,5.966666666666667,1,492,123
2019,4.5,2,458,124
2020,8.933333333333334,6,428,108
2021,4.333333333333333,7,445,117
2020,12.8,5,375,106
2018,8.0,3,433,123
2022,5.4,5,453,121
2018,12.733333333333333,7,448,109
2019,2.6333333333333333,3,411,110
2021,9.6,7,496,120
2021,4.033333333333333,5,423,129
2024,6.333333333333333,2,485,134
2019,7.333333333333333,4,434,117
2024,2.8333333333333335,1,545,168
2024,9.9,6,513,137
2024,11.766666666666666,7,478,136
2023,7.333333333333333,2,479,127
2021,1.7333333333333334,6,368,118
2021,9.0,3,493,124
2024,2.2,3,521,168
2019,9.166666666666666,5,474,135
2022,6.233333333333333,3,432,122
2020,11.5,1,439,119
2025,6.233333333333333,7,438,106
2020,5.666666666666667,4,370,118
2025,3.3666666666666667,3,470,138
2022,7.566666666666666,1,503,140
2020,8.166666666666666,4,428,119
2023,8.1,5,501,134
2018,11.7,4,381,104
2021,5.8,2,452,136
2019,2.6,2,451,138
2019,7.4,6,486,116
2024,8.0,3,446,87
2021,8.2,6,519,130
2024,10.9,1,506,157
2020,10.7,4,418,124
2019,8.266666666666667,5,417,124
2019,12.366666666666667,4,436,114
2022,11.733333333333333,3,451,121
2024,12.9,6,543,121
2024,6.466666666666667,6,457,112
2020,5.5,6,359,82
2022,11.9,1,553,138
2020,12.9,1,408,124
2019,8.866666666666667,2,420,119
2023,4.333333333333333,2,436,113
2020,8.366666666666667,3,376,119
2019,3.1,1,434,119
2025,7.7,2,482,130
2023,10.466666666666667,7,487,118
2021,2.8666666666666667,6,407,107
2021,3.5666666666666664,4,403,117
2022,12.733333333333333,5,381,109
2018,12.2,5,386,129
2024,2.8666666666666667,2,378,116
2025,5.9,3,493,126
2025,1.8,6,488,129
2018,3.6,1,429,117
2018,6.433333333333334,4,410,123
2020,8.3,1,454,106
2020,12.7,2,392,110
2021,4.766666666666667,6,444,121
2021,11.266666666666667,2,462,124
2021,8.533333333333333,2,519,131
2023,12.133333333333333,2,483,132
2019,11.7,5,406,111
2021,6.433333333333334,1,489,137
2018,8.7,3,424,110
2020,5.733333333333333,6,409,120
2018,10.9,7,467,112
2024,7.666666666666667,7,482,127
2018,9.566666666666666,2,465,126
2018,12.866666666666667,4,378,115
2019,8.133333333333333,1,513,119
2024,1.8666666666666667,6,456,111
2021,8.0,6,492,117
2020,12.333333333333334,5,404,99
2021,5.466666666666667,6,485,122
2019,5.733333333333333,4,425,128
2018,11.766666666666666,6,472,113
2020,8.666666666666666,5,437,114
2018,1.4666666666666668,1,405,115
2018,5.266666666666667,3,443,106
2018,10.133333333333333,5,429,126
2025,1.7666666666666666,5,486,124
2025,4.3,4,467,139
2022,8.433333333333334,7,483,124
2024,1.3666666666666667,5,447,137
2024,11.3,7,484,122
2018,2.5,5,438,119
2020,6.566666666666666,4,404,103
2024,11.133333333333333,2,458,124
2024,12.566666666666666,3,479,126
2019,6.8,2,499,134
2023,7.4,4,497,151
2019,12.066666666666666,2,497,113
2019,9.6,4,453,123
2020,4.366666666666666,7,234,60
2019,7.533333333333333,3,430,117
2020,10.333333333333334,7,447,115
2018,2.2333333333333334,4,413,105
2020,3.5,1,392,103
2021,10.033333333333333,6,529,133
2019,2.7333333333333334,6,436,105
2021,10.166666666666666,3,492,126
2018,5.033333333333333,3,454,121
2022,10.666666666666666,5,517,146
2021,1.2,4,380,93
2022,9.766666666666666,6,429,110
2018,5.466666666666667,2,427,122
2020,8.9,5,421,138
2025,7.6,6,451,129
2018,2.1333333333333333,1,485,125
2022,12.8,7,407,92
2022,8.8,4,472,125
2024,7.533333333333333,3,521,144
2024,2.466666666666667,4,509,161
2020,10.666666666666666,3,425,131
2021,6.233333333333333,2,475,128
2021,8.066666666666666,2,484,123
2023,10.7,7,461,137
2018,7.933333333333334,7,474,91
2022,4.2,4,419,128
2025,2.4,4,436,138
2021,1.8333333333333335,2,409,106
2018,7.033333333333333,1,424,125
2019,12.9,6,446,97
2022,3.8,5,441,115
2023,11.366666666666667,7,489,135
2020,10.433333333333334,3,429,102
2019,9.5,1,476,111
2023,3.4333333333333336,2,465,130
2024,8.166666666666666,2,511,137
2022,3.1,5,453,135
2024,7.6,5,514,133
2021,2.4,6,355,98
2018,10.166666666666666,6,433,100
2019,9.8,3,405,104
2019,4.933333333333334,1,440,119
2025,1.0666666666666667,5,496,151
2022,11.3,4,406,101
2018,9.733333333333333,7,443,109
2019,4.066666666666666,3,391,102
2022,2.6,6,462,96
2018,4.266666666666667,1,448,122
2018,7.966666666666667,1,471,138
2025,5.233333333333333,4,497,130
2024,3.3333333333333335,1,506,149
2020,3.3666666666666667,4,428,117
2021,3.466666666666667,1,423,131
2021,11.4,6,459,115
2022,2.5,3,431,109
2025,7.166666666666667,7,513,138
2021,1.0333333333333334,6,395,94
2018,1.7333333333333334,2,452,114
2021,10.6,2,468,121
2020,4.933333333333334,3,305,85
2021,11.166666666666666,6,518,132
2023,8.433333333333334,1,525,152
2022,5.033333333333333,1,475,140
2022,6.666666666666667,2,463,120
2020,7.466666666666667,3,427,107
2025,2.9,5,508,140
2025,8.133333333333333,2,501,137
2019,1.8666666666666667,7,411,79
2021,7.8,7,469,119
2018,8.166666666666666,1,479,129
2018,3.1,7,455,108
2022,11.7,2,465,123
2022,3.0,2,422,129
2025,4.5,3,463,144
2018,3.7333333333333334,5,404,107
2018,10.2,7,437,95
2024,7.266666666666667,2,527,149
