REASON_VISIT_NAME,Total ED Enc,Total ED Enc Admitted,Count of appearances,Percentage ED Admitted per Enc
SUBACUTE BACTERIAL PERITONITIS,1,1,1,100.0
NICOTINE DEPENDENCE,1,1,1,100.0
CHRONIC RESPIRATORY FAILURE,1,1,1,100.0
SQUAMOUS CELL CARCINOMA,1,1,1,100.0
UTERINE CANCER,1,1,1,100.0
KAWASAKI DISEASE,1,1,1,100.0
UPPER GI PROCEDURE,1,1,1,100.0
HEAD AND NECK CANCER,1,1,1,100.0
BLADDER CANCER,1,1,1,100.0
KIDNEY TRANSPLANT EVALUATION,1,1,1,100.0
NEUROFIBROMATOSIS,1,1,1,100.0
PULMONARY FIBROSIS,2,2,2,100.0
EVENT MONITOR TRANSMISSION,1,1,1,100.0
EMPYEMA,1,1,1,100.0
TRANSPLANT SURGERY,1,1,1,100.0
TETROLOGY OF FALLOT,1,1,1,100.0
CARDIAC PROCEDURE PREP,1,1,1,100.0
ADENOPATHY,1,1,1,100.0
COLON CANCER,2,2,2,100.0
SICKLE CELL ANEMIA,2,2,2,100.0
RENAL INSUFFICIENCY,2,2,2,100.0
PALLIATIVE CARE REFERRAL,2,2,2,100.0
OBSTRUCTIVE SLEEP APNEA,1,1,1,100.0
CONTINUUM OF CARE,1,1,1,100.0
TRAUMATIC BRAIN INJURY,4,4,4,100.0
HOSPITAL F/U,1,1,1,100.0
NURSING HOME,2,2,2,100.0
OMMAYA RESERVOIR,1,1,1,100.0
CERVICAL CANCER,1,1,1,100.0
END STAGE RENAL DISEASE,1,1,1,100.0
ABNORMAL PET SCAN,3,3,3,100.0
RENAL MASS,2,2,2,100.0
PREMATURITY,2,2,2,100.0
BLINDNESS,4,4,4,100.0
SPASTICITY,2,2,2,100.0
HYPERNATREMIA,9,9,9,100.0
PANCREAS PROBLEM,3,3,3,100.0
ADVANCE CARE PLANNING,1,1,1,100.0
GENETIC DISORDER,1,1,1,100.0
STRESS TEST,4,4,4,100.0
ELEVATED CREATININE,9,9,9,100.0
HEART BLOCK,25,24,25,96.0
VENTRICULAR TACHYCARDIA,25,23,25,92.0
ACUTE RENAL FAILURE,35,32,35,91.42857142857143
APPENDICITIS,147,132,146,89.79591836734694
GANGRENE,19,17,19,89.47368421052632
CEREBROVASCULAR ACCIDENT,441,388,441,87.98185941043084
HOSPICE,8,7,8,87.5
HEPATIC DISEASE,7,6,7,85.71428571428571
HYDRONEPHROSIS,7,6,7,85.71428571428571
ABDOMINAL AORTIC ANEURYSM,31,26,31,83.87096774193549
GI BLEEDING,795,657,788,82.64150943396227
ABNORMAL HEART SCREEN,23,19,23,82.6086956521739
SNAKE BITE,17,14,17,82.35294117647058
SURGERY,17,14,17,82.35294117647058
CHOLECYSTITIS,16,13,16,81.25
FAILURE TO THRIVE,501,407,500,81.23752495009981
ANEURYSM,31,25,31,80.64516129032258
HYPOXEMIA,294,236,294,80.27210884353741
RESPIRATORY DISTRESS,1989,1592,1960,80.0402212166918
BRAIN TUMOR,20,16,20,80.0
PRE OP COORDINATION,10,8,10,80.0
KIDNEY TRANSPLANT,5,4,5,80.0
PRE-ECLAMPSIA,5,4,5,80.0
APHASIA,749,589,746,78.63818424566088
SLURRED SPEECH,3487,2735,3443,78.43418411241755
SPINAL INJURY,37,29,37,78.37837837837837
DYSPHASIA,18,14,18,77.77777777777779
CONGESTIVE HEART FAILURE,22,17,22,77.27272727272727
HYPONATREMIA,114,87,114,76.31578947368422
RESPIRATORY ARREST,88,67,88,76.13636363636364
HOSPITALIZATION OR ADMISSION,69,52,67,75.36231884057972
CHEMOTHERAPY,4,3,4,75.0
OSTEOMYELITIS,12,9,12,75.0
BRADYCARDIA,1028,771,1022,75.0
CRITICAL TEST RESULT,12,9,12,75.0
AICD PROBLEM,44,33,44,75.0
BLOOD INFECTION,150,112,150,74.66666666666667
UNRESPONSIVE,2015,1471,1999,73.00248138957816
LABORING,7,5,7,71.42857142857143
FRACTURE,363,259,360,71.34986225895317
PLEURAL EFFUSION,31,22,31,70.96774193548387
ALTERED MENTAL STATUS,10586,7511,10267,70.95220102021538
CHF,238,168,237,70.58823529411765
WORD FINDING PROBLEMS,46,32,46,69.56521739130434
NEUROLOGIC PROBLEM,1058,735,1043,69.47069943289225
EXTREMITY WEAKNESS,2445,1695,2409,69.32515337423312
BOWEL DYSFUNCTION,16,11,16,68.75
ELEVATED LIVER ENZYMES,16,11,16,68.75
ABNORMAL CT,137,94,137,68.61313868613139
TRAUMA,9592,6573,9037,68.52585487906589
PACEMAKER/ICD,64,43,64,67.1875
WEAKNESS,21548,14451,20224,67.06422869871915
RECTAL CANCER,3,2,3,66.66666666666666
WEST NILE VIRUS INFECTION,3,2,3,66.66666666666666
NEPHROTIC SYNDROME,3,2,3,66.66666666666666
PROLAPSE,3,2,3,66.66666666666666
NEUROLOGICAL CHANGES,1407,929,1385,66.0270078180526
LIVER PROBLEM,88,58,88,65.9090909090909
IMPLANTABLE CARDIAC DEFIBRILLATOR ADJUSTMENT,38,25,38,65.78947368421053
JAUNDICE,492,323,490,65.65040650406505
DEMENTIA,114,74,113,64.91228070175438
CONFUSION,5641,3641,5535,64.54529338769723
ANOREXIA,14,9,14,64.28571428571429
FOOT ULCER,137,88,136,64.23357664233576
POST CHEMO,11,7,11,63.63636363636363
GUN SHOT WOUND,487,309,481,63.44969199178645
HYPOTENSION,3227,2045,3188,63.37155252556555
HYPERCALCEMIA,19,12,19,63.1578947368421
ABNORMAL LABS,6945,4370,6635,62.922966162706985
ANEMIA,628,395,624,62.898089171974526
HEART PROBLEM,98,61,97,62.244897959183675
APNEA,66,41,66,62.121212121212125
HIP INJURY,1131,699,1125,61.80371352785146
HYDROCEPHALUS,13,8,13,61.53846153846154
CHOLELITHIASIS,13,8,13,61.53846153846154
PULMONARY EMBOLUS,91,56,91,61.53846153846154
HYPERKALEMIA,266,163,266,61.278195488721806
PNEUMONIA,90,55,89,61.111111111111114
ABN FOLLOW-UP,5,3,4,60.0
LEUKEMIA,5,3,5,60.0
NEUTROPENIA,10,6,10,60.0
TRANSIENT ISCHEMIC ATTACK,182,109,180,59.89010989010989
NEAR DROWNING,89,53,89,59.55056179775281
CANCER,32,19,32,59.375
ABNORMAL CXR,12,7,12,58.333333333333336
ULCERATIVE COLITIS,12,7,12,58.333333333333336
COPD,481,279,480,58.004158004158
CARDIAC DYSRHYTHMIAS,26,15,26,57.692307692307686
COLD EXTREMITY,111,64,111,57.65765765765766
ABNORMAL ELECTROCARDIOGRAM (ECG) (EKG),177,102,177,57.6271186440678
SKIN ULCER,244,140,243,57.377049180327866
CASE MANAGEMENT/RESOURCE VISIT,7,4,7,57.14285714285714
PYELONEPHRITIS,14,8,14,57.14285714285714
SHORTNESS OF BREATH,48018,27345,42243,56.947394726977386
MELENA,4374,2485,4282,56.81298582533151
DIFFICULTY WALKING,39,22,39,56.41025641025641
EDEMA,103,57,102,55.33980582524271
PALLOR,22,12,22,54.54545454545454
MYASTHENIA GRAVIS,11,6,11,54.54545454545454
HYPOKALEMIA,167,90,166,53.89221556886228
CARDIAC DEVICE EVALUATION,13,7,13,53.84615384615385
HYPOCALCEMIA,13,7,13,53.84615384615385
PACEMAKER PROBLEMS,292,157,292,53.76712328767124
LUNG CANCER,17,9,17,52.94117647058824
GI PROBLEMS,313,165,309,52.715654952076676
CIRRHOSIS,25,13,25,52.0
POST OP TONSILLECTOMY,196,100,196,51.02040816326531
HEMATEMESIS,2573,1311,2553,50.95219588029537
DYSPHAGIA,178,90,178,50.56179775280899
PANCREATITIS,268,135,267,50.373134328358205
CARDIAC ARREST,1765,883,1756,50.02832861189802
PERIODIC LIMB MOVEMENT,4,2,4,50.0
METABOLIC SYNDROME,2,1,2,50.0
RECURRENT URINARY TRACT INFECTION,6,3,6,50.0
CHRONIC RENAL FAILURE,24,12,24,50.0
ELDER ABUSE,2,1,2,50.0
GROWTH IN NASAL PASSAGE,2,1,2,50.0
MOTORCYCLE VERSUS PEDESTRIAN,4,2,4,50.0
RUPTURE OF MEMBRANES,2,1,2,50.0
SNORING,2,1,2,50.0
PERICARDITIS,4,2,4,50.0
HYPOTHERMIA,216,108,210,50.0
PTOSIS,2,1,2,50.0
INFLAMMATORY ARTHRITIS,2,1,2,50.0
CLAUDICATION,2,1,2,50.0
PARALYSIS,38,19,38,50.0
DECREASED VISUAL ACUITY,2,1,2,50.0
GASTRIC BYPASS,2,1,2,50.0
ABNORMAL EEG,2,1,2,50.0
REACTIVE AIRWAY DISEASE,4,2,4,50.0
PARKINSONS,14,7,14,50.0
MEMORY PROBLEMS,22,11,22,50.0
ENCOPRESIS,6,3,6,50.0
CARE COORDINATION,2,1,2,50.0
ALS (AMYOTROPHIC LATERAL SCLEROSIS),2,1,2,50.0
BURSITIS,4,2,4,50.0
DYSKINESIA,4,2,4,50.0
CLOTTING DISORDER,2,1,2,50.0
APNEA OF PREMATURITY,2,1,2,50.0
MULTIPLE SCLEROSIS,28,14,28,50.0
ENDOCARDITIS,6,3,6,50.0
HEALTH MAINTENANCE,4,2,4,50.0
COGNITIVE DYSFUNCTION,6,3,6,50.0
HEART MURMUR,4,2,4,50.0
FACIAL DROOP,1751,874,1737,49.914334665905194
ASPIRATION,280,138,280,49.28571428571429
WOUND INFECTION,2189,1075,2151,49.10918227501142
GAIT PROBLEMS,364,178,364,48.9010989010989
WEIGHT PROBLEM,39,19,39,48.717948717948715
DIPLOPIA,33,16,33,48.484848484848484
ABDOMINAL DISTENTION,1115,538,1114,48.25112107623318
INFECTION,256,122,254,47.65625
CELLULITIS,1714,804,1699,46.90781796966161
SPEECH LANGUAGE DELAY,15,7,15,46.666666666666664
CHRONIC KIDNEY DISEASE,15,7,15,46.666666666666664
ULCER,28,13,28,46.42857142857143
ADDISONS DISEASE,13,6,13,46.15384615384615
POLYURIA,13,6,13,46.15384615384615
BLOOD IN STOOL,3033,1398,2991,46.09297725024728
RECTAL BLEEDING,966,436,958,45.13457556935818
IRREGULAR HEART BEAT,2049,923,2014,45.04636408003904
HIGH BLOOD SUGAR,1979,886,1960,44.77008590197069
SICKLE CELL CRISIS,647,288,644,44.513137557959816
ATRIAL FLUTTER,70,31,70,44.285714285714285
KIDNEY PROBLEM,804,353,795,43.90547263681592
STAB WOUND,476,207,470,43.48739495798319
HYPERGLYCEMIA,3041,1316,3003,43.27523840841828
RECREATIONAL VEHICLE ACCIDENT,51,22,50,43.13725490196079
WEIGHT LOSS,163,70,163,42.944785276073624
RECTO VAGINAL FISTULA,7,3,7,42.857142857142854
LYMPHEDEMA,7,3,7,42.857142857142854
THROMBOCYTOPENIA,14,6,14,42.857142857142854
DIABETIC FOOT CARE,28,12,27,42.857142857142854
VASCULITIS,7,3,7,42.857142857142854
TRANSFUSION,26,11,26,42.30769230769231
FATIGUE,4552,1916,4454,42.09138840070299
DRUG OVERDOSE,6311,2644,6171,41.89510378703851
SKIN INFECTION,79,33,77,41.77215189873418
AIRWAY OBSTRUCTION,70,29,70,41.42857142857143
AV FISTULA,350,143,350,40.85714285714286
ATRIAL FIBRILLATION,1323,540,1305,40.816326530612244
MOTORCYCLE CRASH,693,279,674,40.25974025974026
BREATHING PROBLEM,29675,11929,26824,40.19882055602359
CYSTIC FIBROSIS,5,2,5,40.0
HEAD MASS,5,2,5,40.0
CAROTID ARTERY STENOSIS,5,2,5,40.0
INCISIONAL PROBLEM OF CHEST,5,2,5,40.0
NUTRITION CHILD/INFANT,10,4,10,40.0
PULMONARY HYPERTENSION,5,2,5,40.0
DIABETES,616,246,612,39.935064935064936
LOSS OF VISION,667,265,664,39.73013493253374
LOSS OF CONSCIOUSNESS,144,57,143,39.58333333333333
TACHYCARDIA,2018,792,1997,39.24677898909812
PERI RECTAL ABSCESS,269,104,267,38.66171003717472
HYPOGLYCEMIA,1637,631,1632,38.54612095296274
DIVERTICULITIS,151,58,150,38.41059602649007
CHEST PAIN,82502,31341,68213,37.98816998375797
INSULIN REACTION,8,3,8,37.5
FALL,52970,19569,46042,36.94355295450255
SOCIAL WORKER VISIT,11,4,11,36.36363636363637
GROIN SWELLING,321,116,321,36.13707165109034
BLOOD SUGAR PROBLEMS,1111,401,1095,36.09360936093609
HEMOPTYSIS,1311,473,1307,36.07932875667429
SYNCOPE,11396,4105,11039,36.02141102141102
LEG SWELLING,6642,2369,6485,35.666967780788916
LOSS OF APPETITE,300,107,300,35.66666666666667
CHILLS,1334,474,1319,35.532233883058474
WOUND DEHISCENCE,313,110,313,35.14376996805112
ATV ACCIDENT,973,337,908,34.635149023638235
AGITATION,240,83,239,34.583333333333336
ASCITES,220,76,219,34.54545454545455
SUPRAVENTRICULAR TACHYCARDIA,232,80,232,34.48275862068966
TREMORS,448,151,447,33.705357142857146
MEMORY LOSS,292,98,291,33.56164383561644
SUICIDE ATTEMPT,1148,383,1143,33.36236933797909
BEHAVIORAL HEALTH APPOINTMENT REQUEST,6,2,6,33.33333333333333
PROCEDURE,9,3,9,33.33333333333333
PROSTATE CANCER,3,1,3,33.33333333333333
PSORIATIC ARTHRITIS,6,2,6,33.33333333333333
DELIRIUM TREMENS (DTS),12,4,12,33.33333333333333
PERSPIRATION,6,2,6,33.33333333333333
PERIPHERAL VASCULAR DISEASE,9,3,9,33.33333333333333
BREAST CANCER,3,1,3,33.33333333333333
SKIN DISCOLORATION,9,3,9,33.33333333333333
COVID 19 OUTPATIENT THERAPY REFERRAL,6,2,5,33.33333333333333
ANAL FISTUAL,9,3,9,33.33333333333333
MOOD DISORDER,3,1,3,33.33333333333333
PETECHIAE,9,3,9,33.33333333333333
ALLIED HEALTH VISIT,6,2,6,33.33333333333333
BREAST ABNORMALITY,3,1,3,33.33333333333333
SEIZURES,13071,4332,12653,33.14207023181088
HIP PAIN,6024,1993,5932,33.08432934926959
CROHNS,79,26,78,32.91139240506329
LINE INFECTION,64,21,64,32.8125
SWALLOWING PROBLEM,402,131,401,32.58706467661692
OSTOMY ASSESSMENT,322,104,321,32.298136645962735
DEHYDRATION,2506,792,2473,31.604150039904226
POST-OP HERNIA,57,18,57,31.57894736842105
MOTOR VEHICLE VS PEDESTRIAN,327,103,326,31.49847094801223
WITHDRAWAL,6158,1936,5975,31.4387788242936
LEG INJURY,2906,912,2866,31.383344803854097
FROSTBITE,304,95,301,31.25
UPPER BACK PAIN,16,5,16,31.25
AMPUTATION,109,34,109,31.19266055045872
TONGUE SWELLING,271,83,271,30.627306273062732
ANEMIA MANAGEMENT,23,7,23,30.434782608695656
CLOUDY VISION,33,10,32,30.303030303030305
CRUSH INJURY,159,48,159,30.18867924528302
ABDOMINAL INJURY,106,32,106,30.18867924528302
ARM SWELLING,449,135,449,30.066815144766146
SWELLING,3482,1046,3429,30.04020677771396
WOUND ASSESSMENT,100,30,99,30.0
HERNIA REPAIR,10,3,10,30.0
INCONTINENCE,154,46,154,29.87012987012987
NAUSEA,9988,2969,9654,29.725670804965958
JOINT SWELLING,145,43,145,29.655172413793103
ABDOMINAL PAIN,123575,36534,94739,29.5642322476229
NECK MASS,44,13,44,29.545454545454547
TUBERCULOSIS,17,5,16,29.411764705882355
CYANOSIS,34,10,34,29.411764705882355
HERNIA,156,45,155,28.846153846153843
DIARRHEA,6783,1955,6627,28.82205513784461
DIZZINESS,22625,6488,21184,28.676243093922654
FOOT SWELLING,1200,344,1194,28.666666666666668
BLOATED,35,10,35,28.57142857142857
DEEP VEIN THROMBOSIS,466,132,462,28.32618025751073
NUMBNESS,7023,1972,6895,28.07916844653282
NEAR SYNCOPE,3018,846,2973,28.031809145129227
WOUND CHECK,5828,1625,5636,27.882635552505146
PAIN,592,165,589,27.87162162162162
VISUAL FIELDS CHANGE,61,17,61,27.86885245901639
POST-PARTUM COMPLICATIONS,397,110,396,27.70780856423174
NECK SWELLING,271,75,270,27.67527675276753
SHAKING,1189,327,1183,27.50210260723297
ALCOHOL PROBLEM,4268,1170,4162,27.413308341143395
BLADDER DYSFUNCTION,11,3,11,27.27272727272727
NEPHROLITHIASIS,559,152,556,27.191413237924866
DRAINAGE FROM INCISION,434,117,432,26.95852534562212
HEMATURIA,2600,694,2577,26.692307692307693
ECTOPIC PREGNANCY,174,46,174,26.436781609195403
RECTAL PROBLEM,1812,474,1792,26.158940397350992
BLOOD IN URINE,1625,424,1619,26.092307692307692
EVAL PT MAINTENANCE,161,42,159,26.08695652173913
POST OP PAIN,3679,954,3613,25.93095949986409
CIRCULATORY PROBLEMS,27,7,27,25.925925925925924
EMESIS,764,197,730,25.785340314136125
RESULTS,35,9,35,25.71428571428571
STRIDOR,35,9,35,25.71428571428571
SURGICAL FOLLOWUP,3629,931,3521,25.654450261780106
PALPITATIONS,11844,3022,11490,25.515028706518066
VOMITING,30193,7644,27452,25.31712648627165
CYSTITIS,4,1,4,25.0
RINGING IN THE EARS,8,2,8,25.0
MONO,16,4,16,25.0
HEAD SWELLING,20,5,19,25.0
ORBITAL FRACTURE,4,1,4,25.0
POST OP QUESTION,24,6,23,25.0
PAIN PUMP QUESTIONS,12,3,12,25.0
NASAL POLYPS,4,1,4,25.0
PRESSURE BEHIND THE EYES,4,1,4,25.0
HYPERTHYROIDISM,4,1,4,25.0
PACEMAKER ADJUSTMENT,4,1,4,25.0
HYPERTHERMIA,4,1,3,25.0
PANCREATIC CANCER,4,1,4,25.0
UTI,3697,921,3638,24.912090884500945
FEVER,33417,8295,29683,24.822695035460992
ABSCESS,2648,649,2598,24.50906344410876
THROAT PROBLEM,765,185,762,24.18300653594771
OTHER,9762,2347,9204,24.04220446629789
ANGIOEDEMA,154,37,154,24.025974025974026
MRSA,25,6,25,24.0
EXCESSIVE DRUG USE,100,24,100,24.0
FOREIGN BODY IN RECTUM,131,31,131,23.66412213740458
HALLUCINATIONS,1941,456,1922,23.493044822256568
BLURRED VISION,324,76,323,23.456790123456788
EXCESSIVE SWEATING,30,7,30,23.333333333333332
NECK INJURY,315,73,313,23.174603174603174
SCAN,78,18,77,23.076923076923077
EXCESSIVE ALCOHOL USE,13,3,13,23.076923076923077
TONSILLAR MASS,13,3,13,23.076923076923077
COLITIS,13,3,13,23.076923076923077
LEG PAIN,17614,4016,16765,22.800045418417167
JOINT PAIN,129,29,128,22.48062015503876
BLEEDING/BRUISING,919,205,914,22.306855277475517
HYPERTENSION,8716,1942,8472,22.280862781092246
REFERRAL,18,4,18,22.22222222222222
FACIAL SWELLING,1464,322,1451,21.994535519125684
MOTOR VEHICLE VS BICYCLE,133,29,133,21.804511278195488
SPASMS,768,167,765,21.744791666666664
ARTHRITIS,65,14,65,21.53846153846154
EATING DISORDER,52,11,52,21.153846153846153
COLD EXPOSURE,388,82,383,21.1340206185567
RECTAL PROLAPSE,161,34,161,21.11801242236025
URETHRAL PROBLEM,19,4,19,21.052631578947366
MEDICATION PROBLEM,67,14,67,20.8955223880597
MASS,848,175,842,20.63679245283019
VERTIGO,63,13,63,20.634920634920633
DELUSIONAL,131,27,131,20.610687022900763
BLOOD PRESSURE,1232,253,1213,20.535714285714285
TRACHEOSTOMY TUBE CHANGE,93,19,93,20.43010752688172
RESTLESS LEGS,49,10,49,20.408163265306122
ORAL SWELLING,252,51,252,20.238095238095237
FLANK PAIN,20480,4101,19523,20.0244140625
FONTANELE BULGING,10,2,10,20.0
POLYDIPSIA,5,1,5,20.0
SKIN LESION,5,1,5,20.0
CORNEAL ABRASION,5,1,5,20.0
IRON DEFICIENCY,5,1,5,20.0
FOOD BOLUS,1718,339,1704,19.732246798603025
GOUT,142,28,142,19.718309859154928
AGGRESSIVE BEHAVIOR,792,156,788,19.696969696969695
CHOKING,287,56,286,19.51219512195122
THROAT PAIN,340,66,337,19.411764705882355
MUSCLE PAIN,335,65,334,19.402985074626866
GENERALIZED BODY ACHES,4055,785,3960,19.35881627620222
DROOLING,31,6,31,19.35483870967742
SWEATS,114,22,114,19.298245614035086
INGESTION,1596,307,1557,19.235588972431078
MISCARRIAGE,515,97,512,18.83495145631068
URINE OUTPUT,101,19,101,18.81188118811881
WHEEZING,667,123,661,18.4407796101949
HEARTBURN,210,38,210,18.095238095238095
FOOT PAIN,7135,1287,6972,18.037841625788367
POSSIBLE HERNIA,539,97,535,17.996289424860855
ALCOHOL INTOXICATION,14950,2673,14205,17.879598662207357
INFLUENZA,179,32,170,17.877094972067038
HYPEREMESIS,79,14,79,17.72151898734177
RECTAL PAIN,379,67,379,17.678100263852244
LUPUS,17,3,17,17.647058823529413
TINGLING,913,161,908,17.634173055859804
URINARY RETENTION,4482,785,4426,17.51450245426149
WELLNESS PHYSICAL,23,4,22,17.391304347826086
SPITTING UP,23,4,23,17.391304347826086
VIRAL SYNDROME,919,159,806,17.301414581066375
HICCUPS,81,14,81,17.28395061728395
EVALUATION,13110,2258,12380,17.223493516399696
GASTROESOPHAGEAL REFLUX,466,80,464,17.167381974248926
LYMPHADENOPATHY,88,15,88,17.045454545454543
BLADDER PROBLEM,47,8,47,17.02127659574468
RIB INJURY,470,80,469,17.02127659574468
HEAT EXPOSURE,335,57,323,17.01492537313433
GROIN PAIN,1842,313,1832,16.992399565689468
INCISIONAL PAIN,177,30,175,16.94915254237288
BREAST PROBLEM,419,71,419,16.94510739856802
MOTOR VEHICLE CRASH,12821,2145,10498,16.730364246158647
C-DIFF POSITIVE,18,3,18,16.666666666666664
ESOPHAGITIS,12,2,12,16.666666666666664
LIGHTENING STRIKE,6,1,6,16.666666666666664
IMM/INJ,96,16,84,16.666666666666664
PHOTOPHOBIA,6,1,6,16.666666666666664
SCHIZOAFFECTIVE DISORDER,6,1,6,16.666666666666664
CHRONIC PAIN,36,6,36,16.666666666666664
BACK PAIN,35338,5849,32299,16.551587526175787
FEBRILE SEIZURE,622,102,619,16.39871382636656
SCHIZOPHRENIA,61,10,61,16.39344262295082
JAW PAIN,1647,266,1633,16.15057680631451
CONSTIPATION,4705,758,4638,16.110520722635492
IV MEDICATION,137,22,135,16.05839416058394
FECAL INCONTINENCE,19,3,19,15.789473684210526
FEEDING DIFFICULTIES,19,3,19,15.789473684210526
FOREIGN BODY SWALLOWED,2127,330,2103,15.514809590973202
BICYCLE ACCIDENT,852,132,845,15.492957746478872
URI,1384,214,1270,15.462427745664739
TESTICLE PROBLEM,1218,187,1207,15.353037766830871
ASTHMA,1707,258,1692,15.114235500878733
COUGH,22875,3448,20518,15.073224043715847
SORE,226,34,222,15.04424778761062
ADDICTION PROBLEM,20,3,18,15.0
ENLARGED LYMPH NODES,20,3,19,15.0
UTERINE PROLAPSE,20,3,20,15.0
PENIS/SCROTUM PROBLEM,1572,235,1564,14.949109414758269
WOUND VAC PLACEMENT,47,7,47,14.893617021276595
ELBOW INJURY,1036,154,1030,14.864864864864865
JAW DISLOCATION,54,8,54,14.814814814814813
CHEST INJURY,217,32,217,14.746543778801843
INJURY,62,9,62,14.516129032258066
ARM PAIN,7674,1112,7488,14.490487359916601
FLU-LIKE SYMPTOMS,15277,2206,13386,14.44000785494534
FACIAL INJURY,1172,168,1155,14.334470989761092
URINARY FREQUENCY,979,140,971,14.300306435137896
ERECTILE DYSFUNCTION,7,1,7,14.285714285714285
RESTLESS LEG SYNDROME,21,3,21,14.285714285714285
TICS,7,1,7,14.285714285714285
CONTRACTIONS,7,1,7,14.285714285714285
PROSTATE PROBLEM,29,4,29,13.793103448275861
ARM INJURY,5317,730,5163,13.729546736881701
CATHETER,2639,359,2610,13.603637741568775
INFUSION,125,17,124,13.600000000000001
BEHAVIORAL PROBLEM,521,70,520,13.43570057581574
PSYCHIATRIC PROBLEM,1164,156,1142,13.402061855670103
INTRAVENOUS ACCESS,419,56,419,13.365155131264917
DISRUPTIVE BEHAVIOR,15,2,14,13.333333333333334
TOE PAIN,2620,349,2594,13.320610687022901
KNEE PAIN,8641,1136,8425,13.146626547853257
BACK INJURY,663,87,661,13.122171945701359
URINARY PAIN,1091,143,1080,13.107241063244729
ANKLE INJURY,6242,813,6088,13.024671579621916
NOSE BLEED,960,125,948,13.020833333333334
POST OP TUBES,54,7,54,12.962962962962962
PRIAPISM,132,17,132,12.878787878787879
SMOKE INHALATION,179,23,143,12.849162011173185
ELBOW PAIN,953,122,945,12.801678908709338
RIB PAIN,4347,555,4295,12.76742581090407
DRUG PROBLEM,2471,311,2432,12.585997571833266
POSTPARTUM CARE,8,1,8,12.5
INCISIONAL WOUND,16,2,16,12.5
ULTRASOUND,24,3,24,12.5
ORAL PAIN,8,1,8,12.5
EVALUATION FOR CHILD ABUSE,16,2,14,12.5
EPISTAXIS,5128,636,5057,12.402496099843994
MANIC BEHAVIOR,526,65,523,12.357414448669202
PARANOID,453,55,451,12.141280353200882
BREAST PAIN,631,76,628,12.044374009508717
HAND PAIN,2970,351,2933,11.818181818181818
EYE PROBLEM,8740,1032,8495,11.807780320366133
ANAL FISSURE,17,2,17,11.76470588235294
PERIPHERAL NEUROPATHY,17,2,17,11.76470588235294
COVID 19 EXPOSURE,2864,335,2410,11.696927374301676
RHEUMATOID ARTHRITIS,60,7,60,11.666666666666666
NEUROPATHY,61,7,61,11.475409836065573
EVALUATION OF CHILD ABUSE,194,22,168,11.34020618556701
FACIAL PAIN,1220,138,1216,11.311475409836065
NECK PAIN,6491,729,6361,11.230935140964412
SUICIDAL,11382,1277,10781,11.219469337550517
DERMATITIS,18,2,18,11.11111111111111
MENOMETRORRHAGIA,135,15,135,11.11111111111111
SPOTS AND/OR FLOATERS,9,1,9,11.11111111111111
HEADACHE,31083,3441,28595,11.070360003860632
OVARIAN CYST,119,13,119,10.92436974789916
HEMORRHOIDS,660,72,658,10.909090909090908
PLEURISY,322,35,320,10.869565217391305
CYST,775,84,767,10.838709677419354
MEDICATION REACTION,1776,189,1763,10.641891891891891
COVID 19 INFORMATION,1351,143,1180,10.584752035529238
HOMICIDAL,208,22,208,10.576923076923077
FINGER PAIN,1830,193,1816,10.546448087431694
PHYSICAL,19,2,19,10.526315789473683
MEDICATION MANAGEMENT,19,2,19,10.526315789473683
VISITING NURSE,38,4,36,10.526315789473683
FEEDING TUBE COMPLICATION,2608,274,2583,10.506134969325153
PELVIC PAIN,2606,272,2572,10.437452033768228
DERM PROBLEM,9398,976,8884,10.385188337944243
PORTACATH FLUSH,29,3,29,10.344827586206897
ANIMAL BITE,2501,257,2386,10.275889644142342
MUSCULOSKELETAL PROBLEM,39,4,37,10.256410256410255
TESTICULAR PAIN,1826,185,1815,10.131434830230011
SHOULDER PAIN,6047,612,5945,10.120721018686952
DETACHED RETINA,10,1,10,10.0
HOT FLASHES,30,3,30,10.0
GROIN INJURY,60,6,60,10.0
OUTPATIENT DIALYSIS FOLLOW-UP,750,75,748,10.0
INSOMNIA,415,41,415,9.879518072289157
CALF PAIN,396,38,395,9.595959595959595
DYSURIA,1214,111,1200,9.14332784184514
FUSSY CHILD,22,2,22,9.090909090909092
GAS,22,2,22,9.090909090909092
MEDICATION QUESTION,11,1,11,9.090909090909092
WORK RELATED INJURY,22,2,20,9.090909090909092
PRENATAL CARE,22,2,22,9.090909090909092
PHARYNGITIS,242,22,241,9.090909090909092
CONGESTION,133,12,132,9.022556390977442
VAGINAL BLEEDING,9160,812,8903,8.864628820960698
ASSAULT VICTIM,6512,576,6296,8.845208845208845
KNEE INJURY,3137,276,3099,8.798214854956965
FOOT BURN,103,9,101,8.737864077669903
MOUTH/LIP PROBLEM,985,86,975,8.730964467005077
STRESS,23,2,23,8.695652173913043
ANKLE PAIN,3573,309,3510,8.648194794290513
MOUTH PAIN,722,62,720,8.587257617728532
DEPRESSION,1232,105,1222,8.522727272727272
CHANGE IN STOOLS,47,4,43,8.51063829787234
BLEEDING DISORDER,12,1,12,8.333333333333332
GROIN BURN,12,1,12,8.333333333333332
NASAL PAIN,24,2,24,8.333333333333332
MOUTH LESION,173,14,168,8.092485549132949
BOIL,540,43,539,7.962962962962964
POISONING,63,5,59,7.936507936507936
URINARY BURNING,1538,122,1516,7.932379713914174
HAND INJURY,4786,379,4680,7.918930213121604
VAGINAL PROBLEM,715,56,711,7.8321678321678325
DOG BITE,2209,173,2171,7.831598008148484
TAILBONE PAIN,269,21,269,7.806691449814126
BLISTER,156,12,155,7.6923076923076925
TEMPOROMANDIBULAR JOINT PAIN,13,1,13,7.6923076923076925
LYME DISEASE,13,1,13,7.6923076923076925
G TUBE FOLLOW UP,13,1,13,7.6923076923076925
EQUIPMENT TROUBLE SHOOTING,13,1,13,7.6923076923076925
LAB,53,4,53,7.547169811320755
SORE THROAT,10414,773,9931,7.422700211254081
EAR INFECTION,81,6,79,7.4074074074074066
EAR LACERATION,123,9,123,7.317073170731707
PUNCTURE WOUND,274,20,274,7.2992700729927
BURN,1830,133,1795,7.267759562841531
ECZEMA,42,3,42,7.142857142857142
PILONIDAL CYST,28,2,28,7.142857142857142
STOOL COLOR CHANGE,14,1,14,7.142857142857142
SHINGLES,155,11,155,7.096774193548387
HOMELESS,170,12,169,7.0588235294117645
FUSSY,2180,151,2159,6.926605504587156
ALLERGIC REACTION,7045,487,6901,6.912704045422285
LARYNGITIS,29,2,29,6.896551724137931
EVALUATION OF DOMESTIC VIOLENCE,88,6,86,6.8181818181818175
CLOSED HEAD INJURY,11084,748,10639,6.748466257668712
FOOT INJURY,3486,234,3425,6.712564543889846
BREAST MASS,90,6,90,6.666666666666667
EYE INJURY,1339,89,1324,6.646751306945482
FACIAL BURN,121,8,121,6.6115702479338845
HEARING PROBLEM,106,7,106,6.60377358490566
ANXIETY,7043,459,6914,6.5171091864262385
TOE INJURY,386,24,385,6.217616580310881
MIGRAINE,387,24,383,6.2015503875969
VARICOSE VEINS,49,3,49,6.122448979591836
CRAMPING,131,8,131,6.106870229007633
CLAVICLE INJURY,263,16,262,6.083650190114068
MOUTH INJURY,646,39,642,6.037151702786378
BODY LACERATION,101,6,101,5.9405940594059405
MENTAL HEALTH VISIT,1033,61,1012,5.90513068731849
RASH,4414,260,4276,5.890348889895787
IMPETIGO,17,1,16,5.88235294117647
NAIL PROBLEM,17,1,17,5.88235294117647
DENTAL PROBLEM,3383,198,3331,5.852793378657996
BREAST DISCHARGE,18,1,18,5.555555555555555
VAGINAL PAIN,633,35,630,5.529225908372828
MEDICAL CLEARANCE,1465,80,1437,5.460750853242321
THRUSH,74,4,74,5.405405405405405
WRIST PAIN,1932,103,1906,5.331262939958592
CARBON MONOXIDE,245,13,152,5.3061224489795915
MORNING SICKNESS,152,8,152,5.263157894736842
WRIST INJURY,3429,176,3383,5.132691746864975
HEARING LOSS,39,2,39,5.128205128205128
ELECTRIC SHOCK,117,6,117,5.128205128205128
VOMITING DURING PREGNANCY,938,48,933,5.11727078891258
HAIR/SCALP PROBLEM,20,1,20,5.0
NASAL CONGESTION,1341,66,1310,4.921700223713646
HUMAN BITE,208,10,207,4.807692307692308
HOARSE,21,1,21,4.761904761904762
DECREASE SENSE OF SMELL/SMELLING LOSS,21,1,20,4.761904761904762
FINGER INJURY,6854,323,6657,4.712576597607237
SHOULDER INJURY,3407,159,3363,4.666862342236572
VAGINAL DISCHARGE,367,17,367,4.632152588555858
LAB ONLY,282,13,269,4.609929078014184
PENILE DISCHARGE,109,5,109,4.587155963302752
ABRASION,219,10,218,4.5662100456621
ABNORMAL G TUBE,22,1,22,4.545454545454546
WELL CHILD,221,10,206,4.524886877828054
CONCUSSION,420,19,417,4.523809523809524
CROUP,800,36,795,4.5
TOXIC INHALATION,89,4,82,4.49438202247191
POST TRAUMATIC STRESS DISORDER (PTSD),23,1,22,4.3478260869565215
EYE PAIN,2265,98,2242,4.326710816777042
PANIC ATTACK,820,35,813,4.2682926829268295
CAST REMOVAL,24,1,24,4.166666666666666
SLEEP PROBLEM,49,2,49,4.081632653061225
THREATENED MISCARRIAGE,1654,67,1636,4.050785973397823
HIVES,1150,45,1142,3.91304347826087
EAR INJURY,131,5,130,3.816793893129771
RUNNY NOSE,27,1,23,3.7037037037037033
CIRCUMCISION,27,1,27,3.7037037037037033
DYSFUNCTIONAL UTERINE BLEEDING,27,1,27,3.7037037037037033
EAR PROBLEM,1143,41,1134,3.5870516185476813
SINUS PROBLEM,673,23,669,3.4175334323922733
SINUSITIS,88,3,87,3.4090909090909087
HEAD LACERATION,3238,109,3168,3.3662754786905493
FIBROMYALGIA,30,1,30,3.3333333333333335
METRORRHAGIA,91,3,91,3.296703296703297
EXTREMITY LACERATION,3859,125,3727,3.23918113500907
DENTAL INJURY,196,6,195,3.061224489795918
NAVEL PROBLEMS,66,2,66,3.0303030303030303
JAIL CLEARANCE,2967,89,2869,2.9996629592180657
CHEMICAL EXPOSURE,413,12,360,2.9055690072639226
EAR DRAINAGE,310,9,310,2.903225806451613
INSECT BITE,1470,42,1436,2.857142857142857
THYROID PROBLEM,36,1,36,2.7777777777777777
ALLERGIES,150,4,146,2.666666666666667
EAR FULLNESS,150,4,150,2.666666666666667
G TUBE CHANGE,77,2,76,2.5974025974025974
EAR PAIN,5117,129,4999,2.5210084033613445
FACIAL LACERATION,1752,43,1725,2.4543378995433787
LACERATION,15496,378,14523,2.439339184305627
HEAD LICE,41,1,34,2.4390243902439024
TINNITUS,42,1,42,2.380952380952381
IUD,85,2,85,2.3529411764705883
DENTAL PAIN,8982,210,8722,2.338009352037408
MEDICATION REQUEST,3419,77,3344,2.2521205030710734
FOREIGN BODY IN SKIN,974,21,962,2.1560574948665296
HAND BURN,430,9,427,2.0930232558139537
TICK BITE,48,1,45,2.083333333333333
DRESSING CHANGE,193,4,193,2.072538860103627
ABDOMINAL CRAMPING,51,1,51,1.9607843137254901
EYE DRAINAGE,326,6,319,1.8404907975460123
EAR ACHE,2018,37,1970,1.8334985133795838
CAST PROBLEM,378,6,376,1.5873015873015872
EVALUATION OF SEXUAL ASSAULT,1232,19,1192,1.5422077922077921
SA,660,10,637,1.5151515151515151
DIAPER RASH,134,2,134,1.4925373134328357
NOSE PROBLEM,148,2,148,1.3513513513513513
VAGINAL ITCHING,163,2,163,1.2269938650306749
LIP LACERATION,850,10,846,1.1764705882352942
REFILL REQUEST,101,1,98,0.9900990099009901
NEEDLESTICK,210,2,206,0.9523809523809524
FOREIGN BODY IN EAR,544,5,544,0.9191176470588236
CONJUNCTIVITIS,328,3,319,0.9146341463414633
PREGNANCY TEST,438,4,436,0.91324200913242
SUNBURN,123,1,122,0.8130081300813009
STD,641,5,607,0.7800312012480499
FOREIGN BODY IN VAGINA,186,1,186,0.5376344086021506
DRUG SCREEN,200,1,191,0.5
FOREIGN BODY IN NOSE,628,3,628,0.47770700636942676
FOREIGN BODY IN EYE,989,3,984,0.3033367037411527
SUTURE/ STAPLE REMOVAL,1782,4,1747,0.22446689113355783
BODY FLUID EXPOSURE,491,1,464,0.20366598778004072
EXPOSURE TO STD,759,1,716,0.13175230566534915
ORTHOSIS RECHECK,2,0,2,0.0
IRREGULAR MENSES,5,0,5,0.0
DIABETIC SUPPLIES,2,0,2,0.0
SYSTEMIC LUPUS ERYTHEMATOSUS,2,0,2,0.0
SEXUAL ABUSE ISSUES,2,0,2,0.0
ESTABLISH CARE,1,0,1,0.0
MEDICATION CHANGE REQUEST,5,0,5,0.0
SEROMA,2,0,2,0.0
WARTS,1,0,1,0.0
CYTOMEGALOVIRUS INFECTION,1,0,1,0.0
MENSTRUAL PROBLEM,67,0,67,0.0
ANGER,15,0,15,0.0
SKIN TAG,2,0,2,0.0
COLONOSCOPY RECALL,1,0,1,0.0
PAPERWORK REQUEST,4,0,4,0.0
MULTIPLE MYELOMA,1,0,1,0.0
CONTACT LENS IRRITATION,7,0,7,0.0
MEDICATION COUNSELING,2,0,2,0.0
PCOS,1,0,1,0.0
CALLOUSES,1,0,1,0.0
URGE INCONTINENCE,2,0,2,0.0
SPLINT,26,0,26,0.0
HYPHEMA,1,0,1,0.0
PSORIASIS,3,0,3,0.0
PREMATURE VENTRICULAR CONTRACTIONS,1,0,1,0.0
RN HTN CLINIC FOLLOW UP,1,0,1,0.0
SPINE CENTER REFERRAL,2,0,2,0.0
COLORECTAL CANCER,1,0,1,0.0
STRESS URINARY INCONTINENCE,6,0,6,0.0
HEART FAILURE CLINIC,1,0,1,0.0
AMENORRHEA,4,0,4,0.0
CONTRACEPTION,6,0,6,0.0
FAT NECROSIS,2,0,2,0.0
INCISIONAL PROBLEM OF BREAST,2,0,2,0.0
FECAL IMPACTION,8,0,8,0.0
RADIATION THERAPY,1,0,1,0.0
CAST REPAIR,20,0,20,0.0
ADRENAL CANCER,1,0,1,0.0
GASTRITIS,7,0,7,0.0
PELVIC ORGAN PROLAPSE,7,0,7,0.0
DYSMENORRHEA,8,0,8,0.0
REHAB REFERRAL,2,0,2,0.0
POLYMYALGIA RHEUMATICA,1,0,1,0.0
POISON IVY,78,0,75,0.0
SARCOMA,1,0,1,0.0
VASECTOMY,2,0,2,0.0
WEIGHT CHECK,1,0,1,0.0
TOENAIL,92,0,92,0.0
ACCESSORY NIPPLE,1,0,1,0.0
PHYSICAL-OTHER,10,0,10,0.0
BLADDER PROLAPSE,4,0,4,0.0
PERSONAL HEALTH ASSESSMENT,1,0,1,0.0
COVID-19 OUTPATIENT TREATMENT INELIGIBLE,1,0,1,0.0
MEDICAL QUESTION,17,0,17,0.0
HIV,3,0,3,0.0
SKIN CHECK,12,0,12,0.0
MENIERE'S DISEASE,1,0,1,0.0
THOUGHTS OF HURTING ONESELF,6,0,6,0.0
COAGULATION DISORDER,2,0,2,0.0
FIBROIDS,1,0,1,0.0
MEDICATION DOSE CHANGE,3,0,3,0.0
ALLERGIC RHINITIS,1,0,1,0.0
THOUGHTS OF HURTING OTHERS,1,0,1,0.0
ATHLETE'S FOOT,5,0,5,0.0
BURNING EYES,10,0,10,0.0
TICK REMOVAL,99,0,98,0.0
NARCOLEPSY,5,0,5,0.0
MACULAR DEGENERATION,1,0,1,0.0
ABSTRACT,2,0,2,0.0
APLASTIC ANEMIA,1,0,1,0.0
PEPPER SPRAY,5,0,5,0.0
OSTEOARTHRITIS,1,0,1,0.0
GASTROPARESIS,3,0,3,0.0
TAKAYASU'S ARTERITIS,1,0,1,0.0
NUTRITION COUNSELING,1,0,1,0.0
GINGIVITIS,1,0,1,0.0
LOW DOSE CT,1,0,1,0.0
LESION REMOVAL,1,0,1,0.0
EXPOSURE TO COMMUNICABLE DISEASE,15,0,13,0.0
NOCTURIA,1,0,1,0.0
BOTOX,1,0,1,0.0
BUNION,1,0,1,0.0
EMPLOYMENT PHYSICAL,3,0,3,0.0
FAMILY PROBLEM,1,0,1,0.0
EYE BURN,8,0,8,0.0
DEAD ON ARRIVAL,29,0,29,0.0
BITE,11,0,11,0.0
IMPLANT RUPTURE,2,0,2,0.0
MENORRHAGIA,20,0,20,0.0
BIOPSY,2,0,2,0.0
TEETHING,9,0,9,0.0
FOOT CARE,9,0,9,0.0
SOCIAL WITHDRAWL,1,0,1,0.0
HEPATITIS,2,0,2,0.0
FOLLICULITIS,4,0,4,0.0
CEREBRAL PALSY,1,0,1,0.0
NEPHROPATHY,2,0,2,0.0
LARYNGOMALACIA,1,0,1,0.0
ADJUSTMENT ISSUES,1,0,1,0.0
PERSONAL PROBLEM,1,0,1,0.0
BREAST FEEDING,1,0,1,0.0
BLACK EYE,1,0,1,0.0
DOMESTIC MEDICAL EXAM,1,0,1,0.0
MEDICATION TITRATION,1,0,1,0.0
HEPATITIS C,3,0,3,0.0
GRIEF,12,0,12,0.0
SCAR,2,0,2,0.0
ITCHY EYE,6,0,6,0.0
GOUTY ARTHRITIS,4,0,4,0.0
SICK SINUS SYNDROME,1,0,1,0.0
EOSINOPHILIC ESOPHAGITIS,1,0,1,0.0
EMERGENCY CONTRACEPTION,2,0,2,0.0
POSTMENOPAUSAL BLEEDING,2,0,2,0.0
HAIR LOSS,3,0,3,0.0
LIVER CANCER,3,0,3,0.0
BARRETT'S ESOPHAGUS,1,0,1,0.0
DEATH,3,0,3,0.0
AUTISM,2,0,2,0.0
ENURESIS,1,0,1,0.0
POOR WEIGHT GAIN,3,0,3,0.0
CELIAC DISEASE,3,0,3,0.0
RUNAWAY,8,0,8,0.0
PRE-EVAL PT MAINTENANCE,2,0,2,0.0
DEVELOPMENT PROBLEMS,1,0,1,0.0
OPTIC NEURITIS,2,0,2,0.0
PROCEDURE PREP,1,0,1,0.0
PELVIC INFLAMMATORY DISEASE,1,0,1,0.0
NEW EQUIPMENT SETUP,1,0,1,0.0
SEXUALLY TRANSMITTED DISEASE,4,0,4,0.0
BEHAVIORAL HEALTH TESTING,7,0,7,0.0
GYN EXAM,6,0,6,0.0
ANAL ITCHING,5,0,5,0.0
CHILD ABUSE,1,0,1,0.0
HEMOPHILIA,6,0,6,0.0
FEEDING INTOLERANCE,1,0,1,0.0
STYE,12,0,12,0.0
IRRITABLE BOWEL SYNDROME,3,0,3,0.0
URGENCY,17,0,17,0.0
DECREASED FETAL MOVEMENT,4,0,4,0.0
CARPAL TUNNEL,14,0,14,0.0
PRE-OP EXAM,3,0,3,0.0
VITAMIN DEFICIENCY,2,0,2,0.0
PIERCING,18,0,18,0.0
BEHAVIORAL HEALTH TRIAGE THERAPIST VISIT,1,0,1,0.0
URGENT CARE FOLLOW UP,1,0,1,0.0
GLUCOSE INTOLERANCE,2,0,2,0.0
LETTER,3,0,3,0.0
NEPHRITIS,1,0,1,0.0
TORTICOLLIS,7,0,7,0.0
PRUITIS,2,0,2,0.0
TEEN EVALUATION,1,0,1,0.0
HEPATITIS B,1,0,1,0.0
PHYSICAL ABUSE ISSUES,2,0,2,0.0
ENDOMETRIOSIS,9,0,9,0.0
ALOPECIA,1,0,1,0.0
SCOLIOSIS,1,0,1,0.0
LATENT TUBERCULOSIS,3,0,3,0.0
SUPERFICIAL INJURY,1,0,1,0.0
CERUMEN IMPACTION,7,0,7,0.0
LYMPHOMA,2,0,2,0.0
MOLE CHECK,2,0,2,0.0
RENAL TRANSPLANT,1,0,1,0.0
STRESS REACTION,3,0,3,0.0
SUPRAGLOTTIC CANCER,1,0,1,0.0
THYROID MASS,3,0,3,0.0
LABIAL ADHESIONS,1,0,1,0.0
GENITAL WARTS,1,0,1,0.0
SUPPLY MANAGEMENT,2,0,2,0.0
ANTICOAGULATION,7,0,7,0.0
SNEEZING,1,0,1,0.0
MUSCULAR DYSTROPHY,8,0,8,0.0
PHLEBITIS,10,0,10,0.0
KIDNEY TRANSPLANT FOLLOW-UP,2,0,2,0.0
HYPERTONIA,1,0,1,0.0
